state,crop,year,yield,area,production
Andaman And Nicobar Islands,Maize,2007,3.80832719552879,230.81,879.0
Andaman And Nicobar Islands,Maize,2008,2.6820083682008367,239.0,641.0
Andaman And Nicobar Islands,Maize,2009,2.4846625766871164,163.0,405.0
Andaman And Nicobar Islands,Maize,2010,2.244099302922832,163.54000000000002,367.0
Andaman And Nicobar Islands,Maize,2011,2.0984615384615384,162.5,341.0
Andaman And Nicobar Islands,Maize,2012,1.8614718614718615,115.5,215.0
Andaman And Nicobar Islands,Maize,2013,2.252113758647194,130.10000000000002,293.0
Andaman And Nicobar Islands,Maize,2014,3.6146020347097547,167.1,604.0
Andaman And Nicobar Islands,Maize,2015,2.929460580912863,120.5,353.0
Andaman And Nicobar Islands,Maize,2016,2.0966183574879227,103.5,217.0
Andaman And Nicobar Islands,Maize,2017,0.8711600183402108,43.620000000000005,38.0
Andaman And Nicobar Islands,Maize,2018,1.5109466543324084,32.43,49.0
Andaman And Nicobar Islands,Maize,2019,2.768334142787761,20.59,57.0
Andaman And Nicobar Islands,Rapeseed and Mustard,2007,0.47368421052631576,19.0,9.0
Andaman And Nicobar Islands,Rapeseed and Mustard,2008,0.5454545454545454,11.0,6.0
Andaman And Nicobar Islands,Rapeseed and Mustard,2009,0.3548387096774194,31.0,11.0
Andaman And Nicobar Islands,Rapeseed and Mustard,2011,0.2347417840375587,21.3,5.0
Andaman And Nicobar Islands,Rapeseed and Mustard,2012,0.27322404371584696,18.3,5.0
Andaman And Nicobar Islands,Rapeseed and Mustard,2013,0.7608695652173914,9.2,7.0
Andaman And Nicobar Islands,Rapeseed and Mustard,2014,0.47058823529411764,8.5,4.0
Andaman And Nicobar Islands,Rapeseed and Mustard,2015,0.37735849056603776,5.3,2.0
Andaman And Nicobar Islands,Rapeseed and Mustard,2016,0.2222222222222222,4.5,1.0
Andaman And Nicobar Islands,Rapeseed and Mustard,2017,0.0,0.11,0.0
Andaman And Nicobar Islands,Rapeseed and Mustard,2018,3.3333333333333335,0.3,1.0
Andaman And Nicobar Islands,Rice,2000,2.957816377171216,10881.0,32184.0
Andaman And Nicobar Islands,Rice,2001,2.7887970615243343,9801.0,27333.0
Andaman And Nicobar Islands,Rice,2002,2.950114836931557,10885.0,32112.0
Andaman And Nicobar Islands,Rice,2003,2.92111724141849,10561.37,30851.0
Andaman And Nicobar Islands,Rice,2004,2.719442715921497,10734.92,29193.0
Andaman And Nicobar Islands,Rice,2005,2.9800344713642444,8685.47,25883.0
Andaman And Nicobar Islands,Rice,2006,2.7694867781954353,7776.17,21536.0
Andaman And Nicobar Islands,Rice,2007,2.9812851542525993,7333.75,21864.0
Andaman And Nicobar Islands,Rice,2008,1.8645569620253164,7900.0,14730.0
Andaman And Nicobar Islands,Rice,2009,2.039312039312039,8140.0,16600.0
Andaman And Nicobar Islands,Rice,2010,2.8505363528009533,8390.0,23916.0
Andaman And Nicobar Islands,Rice,2011,1.9733333333333334,8100.0,15984.0
Andaman And Nicobar Islands,Rice,2012,1.825859872611465,7850.0,14333.0
Andaman And Nicobar Islands,Rice,2013,2.0293059511317644,8005.2,16245.0
Andaman And Nicobar Islands,Rice,2014,2.038821371957853,6434.6,13119.0
Andaman And Nicobar Islands,Rice,2015,2.242295081967213,6100.0,13678.0
Andaman And Nicobar Islands,Rice,2016,2.582605860386714,4876.47,12594.0
Andaman And Nicobar Islands,Rice,2017,2.1027796762505733,5340.55,11230.0
Andaman And Nicobar Islands,Rice,2018,2.122197469537813,5391.110000000001,11441.0
Andaman And Nicobar Islands,Rice,2019,3.1539416816344854,5701.120000000001,17981.0
Andaman And Nicobar Islands,Sugarcane,2000,26.323943661971832,142.0,3738.0
Andaman And Nicobar Islands,Sugarcane,2001,29.024390243902438,82.0,2380.0
Andaman And Nicobar Islands,Sugarcane,2002,30.0,460.0,13800.0
Andaman And Nicobar Islands,Sugarcane,2003,10.746268656716419,268.0,2880.0
Andaman And Nicobar Islands,Sugarcane,2004,10.739363899215201,145.26,1560.0
Andaman And Nicobar Islands,Sugarcane,2005,19.122012185596,128.02,2448.0
Andaman And Nicobar Islands,Sugarcane,2006,20.008,125.0,2501.0
Andaman And Nicobar Islands,Sugarcane,2007,19.9966183847151,177.43,3548.0
Andaman And Nicobar Islands,Sugarcane,2008,19.358974358974358,156.0,3020.0
Andaman And Nicobar Islands,Sugarcane,2009,14.23404255319149,141.0,2007.0
Andaman And Nicobar Islands,Sugarcane,2010,8.642935874991894,154.23000000000002,1333.0
Andaman And Nicobar Islands,Sugarcane,2011,14.38995913601868,171.3,2465.0
Andaman And Nicobar Islands,Sugarcane,2012,21.43533697632058,274.5,5884.0
Andaman And Nicobar Islands,Sugarcane,2013,26.478664192949907,269.5,7136.0
Andaman And Nicobar Islands,Sugarcane,2014,20.81578947368421,190.0,3955.0
Andaman And Nicobar Islands,Sugarcane,2015,21.50045745654163,109.3,2350.0
Andaman And Nicobar Islands,Sugarcane,2016,12.725624330338745,121.33000000000001,1544.0
Andaman And Nicobar Islands,Sugarcane,2017,3.5197249366630476,110.52,389.0
Andaman And Nicobar Islands,Sugarcane,2018,5.63670733803059,116.38,656.0
Andaman And Nicobar Islands,Sugarcane,2019,9.382771874293464,88.46000000000001,830.0
Andhra Pradesh,Bajra,1997,0.7114093959731543,89400.0,63600.0
Andhra Pradesh,Bajra,1998,0.9355852317360566,127300.0,119100.0
Andhra Pradesh,Bajra,1999,0.8356731816505579,116603.0,97442.0
Andhra Pradesh,Bajra,2000,1.033290653008963,143704.0,148488.0
Andhra Pradesh,Bajra,2001,0.7759982520347408,91535.0,71031.0
Andhra Pradesh,Bajra,2002,0.6608376734614102,86979.0,57479.0
Andhra Pradesh,Bajra,2003,1.072316547804366,138115.0,148103.0
Andhra Pradesh,Bajra,2004,0.8686958287467003,93569.0,81283.0
Andhra Pradesh,Bajra,2005,1.0143349261029002,80991.0,82152.0
Andhra Pradesh,Bajra,2006,0.7691073416726701,61076.0,46974.0
Andhra Pradesh,Bajra,2007,1.2432432432432432,74000.0,92000.0
Andhra Pradesh,Bajra,2008,1.0181163097533745,59118.0,60189.0
Andhra Pradesh,Bajra,2009,1.1765419303623013,45349.0,53355.0
Andhra Pradesh,Bajra,2010,1.5174226895998575,67326.0,102162.0
Andhra Pradesh,Bajra,2011,1.3586636702731507,43163.0,58644.0
Andhra Pradesh,Bajra,2012,1.6567164179104477,67000.0,111000.0
Andhra Pradesh,Bajra,2013,1.6628069961606435,49227.0,81855.0
Andhra Pradesh,Bajra,2014,1.3662786571083825,28178.0,38499.0
Andhra Pradesh,Bajra,2015,1.769814915623299,36740.0,65023.0
Andhra Pradesh,Bajra,2016,1.7178293463209664,41886.0,71953.0
Andhra Pradesh,Bajra,2017,1.9266703889819468,48357.0,93168.0
Andhra Pradesh,Bajra,2018,1.0309306321787104,22114.0,22798.0
Andhra Pradesh,Bajra,2019,2.3276040835858987,25076.0,58367.0
Andhra Pradesh,Gram,1997,0.39836289222373805,146600.0,58400.0
Andhra Pradesh,Gram,1998,0.8910212474297464,145900.0,130000.0
Andhra Pradesh,Gram,1999,0.5834954375586797,162961.0,95087.0
Andhra Pradesh,Gram,2000,1.1386815889437079,200863.0,228719.0
Andhra Pradesh,Gram,2001,1.273363560174909,285177.0,363134.0
Andhra Pradesh,Gram,2002,0.9786133538382673,390150.0,381806.0
Andhra Pradesh,Gram,2003,1.081597020688871,422111.0,456554.0
Andhra Pradesh,Gram,2004,1.0119265598129719,341339.0,345410.0
Andhra Pradesh,Gram,2005,1.5895173700636087,394443.0,626974.0
Andhra Pradesh,Gram,2006,1.0858902026605954,601745.0,653429.0
Andhra Pradesh,Gram,2007,1.4476190476190476,630000.0,912000.0
Andhra Pradesh,Gram,2008,1.4135624132210691,606426.0,857221.0
Andhra Pradesh,Gram,2009,1.308806388681917,646894.0,846659.0
Andhra Pradesh,Gram,2010,1.232511314116899,583563.0,719248.0
Andhra Pradesh,Gram,2011,0.9206096813833988,564754.0,519918.0
Andhra Pradesh,Gram,2012,1.118942731277533,681000.0,762000.0
Andhra Pradesh,Gram,2013,1.371842584360049,472380.0,648031.0
Andhra Pradesh,Gram,2014,1.1439610727807916,341766.0,390967.0
Andhra Pradesh,Gram,2015,1.0608217247432243,471131.0,499786.0
Andhra Pradesh,Gram,2016,0.9595782295108389,397088.0,381037.0
Andhra Pradesh,Gram,2017,1.132101287326017,520381.0,589124.0
Andhra Pradesh,Gram,2018,0.5077529599357163,477882.0,242646.0
Andhra Pradesh,Gram,2019,1.2184269231691813,458579.0,558745.0
Andhra Pradesh,Gram,2021,1023.0,,
Andhra Pradesh,Gram,2022,1388.0,,
Andhra Pradesh,Gram,2023,994.0,,
Andhra Pradesh,Lentil,1999,0.3582593443616817,432159.0,154825.0
Andhra Pradesh,Maize,1997,2.7362970447082597,395900.0,1083300.0
Andhra Pradesh,Maize,1998,3.470898143502258,398600.0,1383500.0
Andhra Pradesh,Maize,1999,3.2581149006212278,452008.0,1472694.0
Andhra Pradesh,Maize,2000,2.9957662692569365,527667.0,1580767.0
Andhra Pradesh,Maize,2001,3.401368247778932,428285.0,1456755.0
Andhra Pradesh,Maize,2002,2.8264906810438144,525649.0,1485742.0
Andhra Pradesh,Maize,2003,3.4370495161070975,720614.0,2476786.0
Andhra Pradesh,Maize,2004,3.141658749878203,656832.0,2063542.0
Andhra Pradesh,Maize,2005,4.0726329288275664,757962.0,3086901.0
Andhra Pradesh,Maize,2006,3.39173225363386,725881.0,2461994.0
Andhra Pradesh,Maize,2007,5.255725190839694,786000.0,4131000.0
Andhra Pradesh,Maize,2008,4.8732358326682,851960.0,4151802.0
Andhra Pradesh,Maize,2009,3.528092385693404,782632.0,2761198.0
Andhra Pradesh,Maize,2010,5.317151481075962,743446.0,3953015.0
Andhra Pradesh,Maize,2011,4.232461990172786,863724.0,3655679.0
Andhra Pradesh,Maize,2012,4.993827160493828,972000.0,4854000.0
Andhra Pradesh,Maize,2013,6.286255910710989,352115.0,2213485.0
Andhra Pradesh,Maize,2014,6.389406117510533,303326.0,1938073.0
Andhra Pradesh,Maize,2015,6.067987706591588,232645.0,1411687.0
Andhra Pradesh,Maize,2016,6.604233675218456,250279.0,1652901.0
Andhra Pradesh,Maize,2017,6.911226005823973,336540.0,2325904.0
Andhra Pradesh,Maize,2018,5.871615149705322,266223.0,1563159.0
Andhra Pradesh,Maize,2019,7.054484504025727,300691.0,2121220.0
Andhra Pradesh,Maize,2021,5553.0,,
Andhra Pradesh,Maize,2022,7138.0,,
Andhra Pradesh,Maize,2023,6225.0,,
Andhra Pradesh,Rapeseed and Mustard,1999,0.21957851801495581,2942.0,646.0
Andhra Pradesh,Rapeseed and Mustard,2000,0.23382418563141455,4482.0,1048.0
Andhra Pradesh,Rapeseed and Mustard,2001,0.32218597063621535,2452.0,790.0
Andhra Pradesh,Rapeseed and Mustard,2002,0.22024339566636983,3369.0,742.0
Andhra Pradesh,Rapeseed and Mustard,2003,0.25486725663716814,1695.0,432.0
Andhra Pradesh,Rapeseed and Mustard,2004,0.2495169748826939,3623.0,904.0
Andhra Pradesh,Rapeseed and Mustard,2005,0.45371024734982335,5660.0,2568.0
Andhra Pradesh,Rapeseed and Mustard,2006,0.5160571746797846,5387.0,2780.0
Andhra Pradesh,Rapeseed and Mustard,2008,0.6395921835174172,5885.0,3764.0
Andhra Pradesh,Rapeseed and Mustard,2009,0.597818519378046,4309.0,2576.0
Andhra Pradesh,Rapeseed and Mustard,2010,2.4237214677838774,6922.0,16777.0
Andhra Pradesh,Rapeseed and Mustard,2011,2.4456702433126796,6617.0,16183.0
Andhra Pradesh,Rapeseed and Mustard,2012,0.434412265758092,3522.0,1530.0
Andhra Pradesh,Rapeseed and Mustard,2013,0.6437025796661608,3295.0,2121.0
Andhra Pradesh,Rapeseed and Mustard,2014,0.5608474873052005,5711.0,3203.0
Andhra Pradesh,Rapeseed and Mustard,2015,0.536908077994429,1436.0,771.0
Andhra Pradesh,Rapeseed and Mustard,2016,0.4123568890643506,5066.0,2089.0
Andhra Pradesh,Rapeseed and Mustard,2017,0.45766666666666667,3000.0,1373.0
Andhra Pradesh,Rapeseed and Mustard,2018,0.34448160535117056,4485.0,1545.0
Andhra Pradesh,Rapeseed and Mustard,2019,0.48459086078639746,1882.0,912.0
Andhra Pradesh,Rice,1997,2.431289640591966,3500200.0,8510000.0
Andhra Pradesh,Rice,1998,2.7517027289996756,4316600.0,11878000.0
Andhra Pradesh,Rice,1999,2.650039309977859,4014248.0,10637915.0
Andhra Pradesh,Rice,2000,2.936323014967264,4242726.0,12458014.0
Andhra Pradesh,Rice,2001,2.9779201081797044,3824747.0,11389791.0
Andhra Pradesh,Rice,2002,2.5962480692343592,2822067.0,7326786.0
Andhra Pradesh,Rice,2003,3.0097114337946334,2974638.0,8952802.0
Andhra Pradesh,Rice,2004,3.1109580643133534,3086202.0,9601045.0
Andhra Pradesh,Rice,2005,2.9393158939371147,3981751.0,11703624.0
Andhra Pradesh,Rice,2006,2.984529486737944,3977890.0,11872130.0
Andhra Pradesh,Rice,2007,3.3443775100401605,3984000.0,13324000.0
Andhra Pradesh,Rice,2008,3.246052394046703,4387216.0,14241133.0
Andhra Pradesh,Rice,2009,3.1499850613357143,3440736.0,10838267.0
Andhra Pradesh,Rice,2010,3.034808512769849,4751309.0,14419313.0
Andhra Pradesh,Rice,2011,3.1475269590082444,4095848.0,12891792.0
Andhra Pradesh,Rice,2012,3.1728224917309813,3628000.0,11511000.0
Andhra Pradesh,Rice,2013,3.094101275818289,2583440.0,7993425.0
Andhra Pradesh,Rice,2014,3.5320563669743166,2393955.0,8455584.0
Andhra Pradesh,Rice,2015,3.479400405869136,2160795.0,7518271.0
Andhra Pradesh,Rice,2016,3.8015509598725714,2105019.0,8002337.0
Andhra Pradesh,Rice,2017,3.8145322348982456,2218186.0,8461342.0
Andhra Pradesh,Rice,2018,3.72889738007086,2208304.0,8234539.0
Andhra Pradesh,Rice,2019,3.8795249709038524,2355982.0,9140091.0
Andhra Pradesh,Rice,2021,3392.0,,
Andhra Pradesh,Rice,2022,3730.0,,
Andhra Pradesh,Rice,2023,3822.0,,
Andhra Pradesh,Sugarcane,1997,72.48467532467532,192500.0,13953300.0
Andhra Pradesh,Sugarcane,1998,77.21899859616285,213700.0,16501700.0
Andhra Pradesh,Sugarcane,1999,79.6314109183533,232416.0,18507614.0
Andhra Pradesh,Sugarcane,2000,74.59469112376134,237150.0,17690131.0
Andhra Pradesh,Sugarcane,2001,82.83121696030197,218298.0,18081889.0
Andhra Pradesh,Sugarcane,2002,66.1898387325731,232471.0,15387218.0
Andhra Pradesh,Sugarcane,2003,72.11511755332131,208969.0,15069824.0
Andhra Pradesh,Sugarcane,2004,75.11440516188149,209536.0,15739172.0
Andhra Pradesh,Sugarcane,2005,76.78028787615237,229960.0,17656395.0
Andhra Pradesh,Sugarcane,2006,82.06178570212573,264333.0,21691638.0
Andhra Pradesh,Sugarcane,2007,81.7085020242915,247000.0,20182000.0
Andhra Pradesh,Sugarcane,2008,78.4342667468872,196126.0,15382999.0
Andhra Pradesh,Sugarcane,2009,74.10230368615127,157834.0,11695863.0
Andhra Pradesh,Sugarcane,2010,77.93528887127142,191729.0,14942455.0
Andhra Pradesh,Sugarcane,2011,81.79288661915918,204038.0,16688857.0
Andhra Pradesh,Sugarcane,2012,78.81632653061224,196000.0,15448000.0
Andhra Pradesh,Sugarcane,2013,78.56252985011155,152847.0,12008047.0
Andhra Pradesh,Sugarcane,2014,71.84678867452918,139226.0,10002941.0
Andhra Pradesh,Sugarcane,2015,76.86582569749764,121685.0,9353418.0
Andhra Pradesh,Sugarcane,2016,76.22016508974808,102732.0,7830250.0
Andhra Pradesh,Sugarcane,2017,78.68276852151408,98912.0,7782670.0
Andhra Pradesh,Sugarcane,2018,79.3590248707215,101525.0,8056925.0
Andhra Pradesh,Sugarcane,2019,78.15912979711563,85911.0,6714729.0
Andhra Pradesh,Sugarcane,2021,77562.0,,
Andhra Pradesh,Sugarcane,2022,73893.0,,
Andhra Pradesh,Sugarcane,2023,80533.0,,
Andhra Pradesh,Wheat,1997,0.5454545454545454,11000.0,6000.0
Andhra Pradesh,Wheat,1998,0.5565217391304348,11500.0,6400.0
Andhra Pradesh,Wheat,1999,0.6700702922678505,13515.0,9056.0
Andhra Pradesh,Wheat,2000,0.5694551574223407,14261.0,8121.0
Andhra Pradesh,Wheat,2001,0.6877401580511854,13793.0,9486.0
Andhra Pradesh,Wheat,2002,1.3489677653024266,11044.0,14898.0
Andhra Pradesh,Wheat,2003,0.5651408450704225,11928.0,6741.0
Andhra Pradesh,Wheat,2004,0.5019620667102681,9174.0,4605.0
Andhra Pradesh,Wheat,2005,0.8003420649923485,11109.0,8891.0
Andhra Pradesh,Wheat,2006,0.8781948881789138,10016.0,8796.0
Andhra Pradesh,Wheat,2007,1.0,8000.0,8000.0
Andhra Pradesh,Wheat,2008,1.1266895594359612,13687.0,15421.0
Andhra Pradesh,Wheat,2009,1.0452795786061588,9872.0,10319.0
Andhra Pradesh,Wheat,2010,1.303222607833416,10085.0,13143.0
Andhra Pradesh,Wheat,2011,1.3221078134463962,8255.0,10914.0
Andhra Pradesh,Wheat,2012,1.125,8000.0,9000.0
Andhra Pradesh,Wheat,2013,0.7155172413793104,348.0,249.0
Andhra Pradesh,Wheat,2014,0.8,320.0,256.0
Andhra Pradesh,Wheat,2015,0.7012195121951219,164.0,115.0
Andhra Pradesh,Wheat,2016,2.303030303030303,33.0,76.0
Andhra Pradesh,Wheat,2017,0.7142857142857143,49.0,35.0
Andhra Pradesh,Wheat,2018,0.18627450980392157,102.0,19.0
Andhra Pradesh,Wheat,2019,0.2972972972972973,37.0,11.0
Arunachal Pradesh,Lentil,2016,0.4891041162227603,413.0,202.0
Arunachal Pradesh,Lentil,2017,0.5753424657534246,438.0,252.0
Arunachal Pradesh,Lentil,2018,0.7770419426048565,453.0,352.0
Arunachal Pradesh,Lentil,2019,0.7841409691629956,454.0,356.0
Arunachal Pradesh,Maize,1997,1.4498319035474148,34504.0,50025.0
Arunachal Pradesh,Maize,1998,1.2973733583489682,36244.0,47022.0
Arunachal Pradesh,Maize,1999,1.3561186407385581,35637.0,48328.0
Arunachal Pradesh,Maize,2000,1.3608732988107939,38429.0,52297.0
Arunachal Pradesh,Maize,2001,1.361199678564948,38577.0,52511.0
Arunachal Pradesh,Maize,2002,1.3796241491565553,40548.0,55941.0
Arunachal Pradesh,Maize,2003,1.4119932651210982,38605.0,54510.0
Arunachal Pradesh,Maize,2004,1.4546296296296297,37800.0,54985.0
Arunachal Pradesh,Maize,2005,1.3833655890856091,41853.0,57898.0
Arunachal Pradesh,Maize,2006,1.3725718977550183,46281.0,63524.0
Arunachal Pradesh,Maize,2007,1.343831898165481,42736.0,57430.0
Arunachal Pradesh,Maize,2008,1.371424575145115,42897.0,58830.0
Arunachal Pradesh,Maize,2009,1.3785010314004125,43630.0,60144.0
Arunachal Pradesh,Maize,2010,1.436142118461641,45061.0,64714.0
Arunachal Pradesh,Maize,2011,1.4731182795698925,46500.0,68500.0
Arunachal Pradesh,Maize,2012,1.436044307795982,47486.0,68192.0
Arunachal Pradesh,Maize,2013,1.4670551703602877,47018.0,68978.0
Arunachal Pradesh,Maize,2014,1.5625,48000.0,75000.0
Arunachal Pradesh,Maize,2015,1.541516393442623,48800.0,75226.0
Arunachal Pradesh,Maize,2016,1.5,50300.0,75450.0
Arunachal Pradesh,Maize,2017,1.5200897690808512,50797.0,77216.0
Arunachal Pradesh,Maize,2018,1.53,51000.0,78030.0
Arunachal Pradesh,Maize,2019,1.55,51100.0,79205.0
Arunachal Pradesh,Rapeseed and Mustard,1997,0.9317073170731708,20500.0,19100.0
Arunachal Pradesh,Rapeseed and Mustard,1998,0.9514807813484563,20631.0,19630.0
Arunachal Pradesh,Rapeseed and Mustard,2016,1.0188665761452154,27986.0,28514.0
Arunachal Pradesh,Rapeseed and Mustard,2017,1.0187327041793799,28186.0,28714.0
Arunachal Pradesh,Rapeseed and Mustard,2018,1.018754874849323,28206.0,28735.0
Arunachal Pradesh,Rapeseed and Mustard,2019,1.0187537595980327,28261.0,28791.0
Arunachal Pradesh,Rice,1997,1.0790284952507916,120020.0,129505.0
Arunachal Pradesh,Rice,1998,0.9881798737454647,115481.0,114116.0
Arunachal Pradesh,Rice,1999,1.0983135082287763,122740.0,134807.0
Arunachal Pradesh,Rice,2000,1.1187932648122698,118601.0,132690.0
Arunachal Pradesh,Rice,2001,1.126959943074798,119455.0,134621.0
Arunachal Pradesh,Rice,2002,1.2240737173312786,124584.0,152500.0
Arunachal Pradesh,Rice,2003,1.2968331865274108,119205.0,154589.0
Arunachal Pradesh,Rice,2004,1.1094030022525114,121642.0,134950.0
Arunachal Pradesh,Rice,2005,1.1956701317608185,122267.0,146191.0
Arunachal Pradesh,Rice,2006,1.1755311367219883,123038.0,144635.0
Arunachal Pradesh,Rice,2007,1.2750727652403873,124029.0,158146.0
Arunachal Pradesh,Rice,2008,1.2976285301934558,126799.0,164538.0
Arunachal Pradesh,Rice,2009,1.1846165245167453,121468.0,143893.0
Arunachal Pradesh,Rice,2010,1.2831537385868224,121570.0,155993.0
Arunachal Pradesh,Rice,2011,1.2918461538461539,123500.0,159543.0
Arunachal Pradesh,Rice,2012,1.38527184042511,126085.0,174662.0
Arunachal Pradesh,Rice,2013,1.3948435096864134,131989.0,184104.0
Arunachal Pradesh,Rice,2014,1.4936477987421384,127200.0,189992.0
Arunachal Pradesh,Rice,2015,1.5838586956521739,128800.0,204001.0
Arunachal Pradesh,Rice,2016,1.6793893129770991,131000.0,220000.0
Arunachal Pradesh,Rice,2017,1.7676893939393938,132000.0,233335.0
Arunachal Pradesh,Rice,2018,1.8017867867867867,133200.0,239998.0
Arunachal Pradesh,Rice,2019,1.8332659176029962,133500.0,244741.0
Arunachal Pradesh,Sugarcane,1997,23.20998531571219,681.0,15806.0
Arunachal Pradesh,Sugarcane,1998,20.231493943472408,743.0,15032.0
Arunachal Pradesh,Sugarcane,1999,20.04820766378245,809.0,16219.0
Arunachal Pradesh,Sugarcane,2000,17.70406905055487,811.0,14358.0
Arunachal Pradesh,Sugarcane,2001,18.26254826254826,1036.0,18920.0
Arunachal Pradesh,Sugarcane,2002,19.152882205513784,798.0,15284.0
Arunachal Pradesh,Sugarcane,2003,20.528455284552845,738.0,15150.0
Arunachal Pradesh,Sugarcane,2004,19.20108695652174,736.0,14132.0
Arunachal Pradesh,Sugarcane,2005,18.429384965831435,878.0,16181.0
Arunachal Pradesh,Sugarcane,2006,16.35242718446602,1030.0,16843.0
Arunachal Pradesh,Sugarcane,2007,17.643146796431466,1233.0,21754.0
Arunachal Pradesh,Sugarcane,2008,17.10875912408759,1370.0,23439.0
Arunachal Pradesh,Sugarcane,2009,18.39092140921409,1476.0,27145.0
Arunachal Pradesh,Sugarcane,2010,19.213527851458885,1508.0,28974.0
Arunachal Pradesh,Sugarcane,2011,19.35483870967742,1550.0,30000.0
Arunachal Pradesh,Sugarcane,2012,19.706535947712418,1530.0,30151.0
Arunachal Pradesh,Sugarcane,2013,19.443305573350415,1561.0,30351.0
Arunachal Pradesh,Sugarcane,2014,19.497206703910614,1790.0,34900.0
Arunachal Pradesh,Sugarcane,2015,20.9,1950.0,40755.0
Arunachal Pradesh,Sugarcane,2016,21.4,2075.0,44405.0
Arunachal Pradesh,Sugarcane,2017,21.4,2110.0,45154.0
Arunachal Pradesh,Sugarcane,2018,21.498591549295774,2130.0,45792.0
Arunachal Pradesh,Sugarcane,2019,21.5,2146.0,46139.0
Arunachal Pradesh,Wheat,1997,1.4464993394980186,3785.0,5475.0
Arunachal Pradesh,Wheat,1998,1.2008196721311475,3660.0,4395.0
Arunachal Pradesh,Wheat,1999,1.3010780287474333,3896.0,5069.0
Arunachal Pradesh,Wheat,2000,1.4159654309756653,4397.0,6226.0
Arunachal Pradesh,Wheat,2001,1.4036793692509855,3805.0,5341.0
Arunachal Pradesh,Wheat,2002,1.5192027224112785,4114.0,6250.0
Arunachal Pradesh,Wheat,2003,1.5228915662650602,4150.0,6320.0
Arunachal Pradesh,Wheat,2004,1.554932211313698,4278.0,6652.0
Arunachal Pradesh,Wheat,2005,1.5442655935613683,3976.0,6140.0
Arunachal Pradesh,Wheat,2006,1.5835637094747423,3979.0,6301.0
Arunachal Pradesh,Wheat,2007,1.4879145587408658,3558.0,5294.0
Arunachal Pradesh,Wheat,2008,1.576876143990238,3278.0,5169.0
Arunachal Pradesh,Wheat,2009,1.5047318611987381,3170.0,4770.0
Arunachal Pradesh,Wheat,2010,1.587456069207894,3699.0,5872.0
Arunachal Pradesh,Wheat,2011,1.7567567567567568,3700.0,6500.0
Arunachal Pradesh,Wheat,2012,1.498467824310521,2937.0,4401.0
Arunachal Pradesh,Wheat,2013,1.510135135135135,2960.0,4470.0
Arunachal Pradesh,Wheat,2014,1.9736842105263157,3800.0,7500.0
Arunachal Pradesh,Wheat,2015,1.969309462915601,3910.0,7700.0
Arunachal Pradesh,Wheat,2016,1.969309462915601,3910.0,7700.0
Arunachal Pradesh,Wheat,2017,1.969974554707379,3930.0,7742.0
Arunachal Pradesh,Wheat,2018,1.969974554707379,3930.0,7742.0
Arunachal Pradesh,Wheat,2019,1.969974554707379,3930.0,7742.0
Assam,Gram,1997,0.5058744545149378,2979.0,1507.0
Assam,Gram,1998,0.5006662225183212,3002.0,1503.0
Assam,Gram,1999,0.511986301369863,2336.0,1196.0
Assam,Gram,2000,0.49943630214205187,2661.0,1329.0
Assam,Gram,2001,0.5257815671944783,2463.0,1295.0
Assam,Gram,2002,0.5046063651591289,2388.0,1205.0
Assam,Gram,2003,0.5192228193468376,2419.0,1256.0
Assam,Gram,2004,0.5063054647361046,2141.0,1084.0
Assam,Gram,2005,0.5128712871287129,2020.0,1036.0
Assam,Gram,2006,0.512401055408971,1895.0,971.0
Assam,Gram,2007,0.5050774986638161,1871.0,945.0
Assam,Gram,2008,0.5159976730657359,1719.0,887.0
Assam,Gram,2009,0.5142028985507247,1725.0,887.0
Assam,Gram,2010,0.5077691453940066,1802.0,915.0
Assam,Gram,2011,0.523861766319254,1823.0,955.0
Assam,Gram,2012,0.5545350172215844,1742.0,966.0
Assam,Gram,2013,0.697515830491963,2053.0,1432.0
Assam,Gram,2014,0.9340974212034384,2094.0,1956.0
Assam,Gram,2015,0.7040583675330597,2193.0,1544.0
Assam,Gram,2016,0.6512968299711815,2429.0,1582.0
Assam,Gram,2017,0.6871975362956445,2273.0,1562.0
Assam,Gram,2018,0.7018716577540107,2244.0,1575.0
Assam,Gram,2019,0.6999080882352942,2176.0,1523.0
Assam,Lentil,2001,0.5264220011263375,21308.0,11217.0
Assam,Lentil,2002,0.5420172326406487,19730.0,10694.0
Assam,Lentil,2003,0.5392436510857563,21736.0,11721.0
Assam,Lentil,2004,0.5415971745315412,20386.0,11041.0
Assam,Lentil,2005,0.5315072916106118,18583.0,9877.0
Assam,Lentil,2006,0.5264935193921637,20137.0,10602.0
Assam,Lentil,2007,0.4714050469535805,22469.0,10592.0
Assam,Lentil,2008,0.5101721439749609,21726.0,11084.0
Assam,Lentil,2009,0.5020450337968744,23227.0,11661.0
Assam,Lentil,2010,0.49466415568110483,23895.0,11820.0
Assam,Lentil,2011,0.5233321504613201,22544.0,11798.0
Assam,Lentil,2012,0.578466964007883,28923.0,16731.0
Assam,Lentil,2013,0.7456406494848798,29993.0,22364.0
Assam,Lentil,2014,0.7753261505628033,29051.0,22524.0
Assam,Lentil,2015,0.7227740986019132,27180.0,19645.0
Assam,Lentil,2016,0.6583273766976412,23783.0,15657.0
Assam,Lentil,2017,0.7457158062799362,28185.0,21018.0
Assam,Lentil,2018,0.7322210167969773,26731.0,19573.0
Assam,Lentil,2019,0.7641986568277921,24122.0,18434.0
Assam,Maize,1997,0.7660803497085762,19216.0,14721.0
Assam,Maize,1998,0.7049469964664311,19810.0,13965.0
Assam,Maize,1999,0.7132129084635681,19708.0,14056.0
Assam,Maize,2000,0.7220987105380169,20241.0,14616.0
Assam,Maize,2001,0.7112244897959183,19600.0,13940.0
Assam,Maize,2002,0.7164344841510196,19812.0,14194.0
Assam,Maize,2003,0.7180234043640452,19569.0,14051.0
Assam,Maize,2005,0.7246033001212505,18969.0,13745.0
Assam,Maize,2006,0.7266441550088438,18657.0,13557.0
Assam,Maize,2007,0.7252477943579131,18362.0,13317.0
Assam,Maize,2008,0.725980899781383,17382.0,12619.0
Assam,Maize,2009,0.717673630717109,19481.0,13981.0
Assam,Maize,2010,0.7136354440623104,19772.0,14110.0
Assam,Maize,2011,0.8017561158848664,21297.0,17075.0
Assam,Maize,2012,0.8971512977421396,23695.0,21258.0
Assam,Maize,2013,3.1991856406847266,24068.0,76998.0
Assam,Maize,2014,3.333416806782814,27953.0,93179.0
Assam,Maize,2015,3.0673821252638986,28420.0,87175.0
Assam,Maize,2016,2.9112756518686367,31333.0,91219.0
Assam,Maize,2017,3.1322890572977773,31537.0,98783.0
Assam,Maize,2018,3.2544941730721546,32264.0,105003.0
Assam,Maize,2019,3.494813844306147,36636.0,128036.0
Assam,Rapeseed and Mustard,1997,0.5541583718831904,279292.0,154772.0
Assam,Rapeseed and Mustard,1998,0.4695892725453469,288829.0,135631.0
Assam,Rapeseed and Mustard,1999,0.4521539541854591,286241.0,129425.0
Assam,Rapeseed and Mustard,2000,0.5145795911229,274459.0,141231.0
Assam,Rapeseed and Mustard,2001,0.5032847023571274,272323.0,137056.0
Assam,Rapeseed and Mustard,2002,0.4966686949167461,261309.0,129784.0
Assam,Rapeseed and Mustard,2003,0.5236441842765891,264103.0,138296.0
Assam,Rapeseed and Mustard,2004,0.5282549765664549,244948.0,129395.0
Assam,Rapeseed and Mustard,2005,0.45649523935031133,212471.0,96992.0
Assam,Rapeseed and Mustard,2006,0.4859956548363014,238426.0,115874.0
Assam,Rapeseed and Mustard,2007,0.5234024974020886,234804.0,122897.0
Assam,Rapeseed and Mustard,2008,0.550778540981072,226385.0,124688.0
Assam,Rapeseed and Mustard,2009,0.5287213510253317,248700.0,131493.0
Assam,Rapeseed and Mustard,2010,0.5851198654717716,243815.0,142661.0
Assam,Rapeseed and Mustard,2011,0.5591754756018374,247949.0,138647.0
Assam,Rapeseed and Mustard,2012,0.6096044308326416,279496.0,170382.0
Assam,Rapeseed and Mustard,2013,0.6052488305287514,279186.0,168977.0
Assam,Rapeseed and Mustard,2014,0.6673238293844259,281006.0,187522.0
Assam,Rapeseed and Mustard,2015,0.6983446339747337,285677.0,199501.0
Assam,Rapeseed and Mustard,2016,0.6436102551544464,294018.0,189233.0
Assam,Rapeseed and Mustard,2017,0.639247635943986,290285.0,185564.0
Assam,Rapeseed and Mustard,2018,0.6427786488226894,285736.0,183665.0
Assam,Rapeseed and Mustard,2019,0.6165519208758484,287447.0,177226.0
Assam,Rapeseed and Mustard,2021,644.0,,
Assam,Rapeseed and Mustard,2022,788.0,,
Assam,Rapeseed and Mustard,2023,786.0,,
Assam,Rice,1997,0.8929294721008785,2525653.0,2255230.0
Assam,Rice,1998,1.3262718805340565,2454122.0,3254833.0
Assam,Rice,1999,1.459123433217379,2645868.0,3860648.0
Assam,Rice,2000,1.5110262843339655,2646177.0,3998443.0
Assam,Rice,2001,1.5195616185168,2536421.0,3854248.0
Assam,Rice,2002,1.4711817308751987,2540680.0,3737802.0
Assam,Rice,2003,1.5340715132186957,2529826.0,3880934.0
Assam,Rice,2004,1.4560158004405699,2383731.0,3470750.0
Assam,Rice,2005,1.4677512584043395,2420327.0,3552438.0
Assam,Rice,2006,1.3275372981103626,2196559.0,2916014.0
Assam,Rice,2007,1.4279749190618227,2323996.0,3318608.0
Assam,Rice,2008,1.6136198405394895,2484126.0,4008435.0
Assam,Rice,2009,1.7650668883198084,2497596.0,4408424.0
Assam,Rice,2010,1.9832978318827328,2537455.0,5032529.0
Assam,Rice,2011,1.8524047945835065,2545706.0,4715678.0
Assam,Rice,2012,2.060608646097279,2484728.0,5120052.0
Assam,Rice,2013,2.0746951603167303,2503201.0,5193379.0
Assam,Rice,2014,2.0929953428389485,2495297.0,5222645.0
Assam,Rice,2015,2.0624268859354196,2484987.0,5125104.0
Assam,Rice,2016,2.078294427222496,2467136.0,5127435.0
Assam,Rice,2017,2.1710519449515577,2433711.0,5283713.0
Assam,Rice,2018,2.242050686588778,2425178.0,5437372.0
Assam,Rice,2019,2.1719761644249838,2400949.0,5214804.0
Assam,Rice,2021,1862.0,,
Assam,Rice,2022,2426.0,,
Assam,Rice,2023,2413.0,,
Assam,Sugarcane,1997,41.1089788619963,31318.0,1287451.0
Assam,Sugarcane,1998,40.02414052533447,30571.0,1223578.0
Assam,Sugarcane,1999,39.66794929054866,29107.0,1154615.0
Assam,Sugarcane,2000,36.898386132695755,26768.0,987696.0
Assam,Sugarcane,2001,37.230287859824784,27166.0,1011398.0
Assam,Sugarcane,2002,36.42159669211196,25152.0,916076.0
Assam,Sugarcane,2003,38.58912351067595,25431.0,981360.0
Assam,Sugarcane,2004,36.91943028986718,23942.0,883925.0
Assam,Sugarcane,2005,37.190258686929056,23426.0,871219.0
Assam,Sugarcane,2006,39.63409321365531,26627.0,1055337.0
Assam,Sugarcane,2007,38.07647470272791,25734.0,979860.0
Assam,Sugarcane,2008,38.386994310447136,28649.0,1099749.0
Assam,Sugarcane,2009,39.109810417817044,27165.0,1062418.0
Assam,Sugarcane,2010,36.19626042507399,29736.0,1076332.0
Assam,Sugarcane,2011,37.055133079847906,28404.0,1052514.0
Assam,Sugarcane,2012,35.61224065671435,28871.0,1028161.0
Assam,Sugarcane,2013,36.96905408657979,29083.0,1075171.0
Assam,Sugarcane,2014,36.760334448160535,29900.0,1099134.0
Assam,Sugarcane,2015,35.24538357094365,29460.0,1038329.0
Assam,Sugarcane,2016,38.465634260586945,31383.0,1207167.0
Assam,Sugarcane,2017,37.40220556955398,30559.0,1142974.0
Assam,Sugarcane,2018,35.06298278790987,31199.0,1093930.0
Assam,Sugarcane,2019,41.00993165673501,29703.0,1218118.0
Assam,Sugarcane,2021,38969.0,,
Assam,Sugarcane,2022,43589.0,,
Assam,Sugarcane,2023,47231.0,,
Assam,Wheat,1997,1.2993695246641006,84698.0,110054.0
Assam,Wheat,1998,1.0102465649451395,89591.0,90509.0
Assam,Wheat,1999,1.2787708033023195,76310.0,97583.0
Assam,Wheat,2000,1.2189727030909945,70301.0,85695.0
Assam,Wheat,2001,1.180704547027476,72245.0,85300.0
Assam,Wheat,2002,1.1287412577286746,69061.0,77952.0
Assam,Wheat,2003,1.0462017897475484,69954.0,73186.0
Assam,Wheat,2004,1.0662292103861934,63854.0,68083.0
Assam,Wheat,2005,1.0755389203578791,49961.0,53735.0
Assam,Wheat,2006,1.1316032430799188,59573.0,67413.0
Assam,Wheat,2007,1.2626763452174998,56069.0,70797.0
Assam,Wheat,2008,1.0898647433720257,50053.0,54551.0
Assam,Wheat,2009,1.0871360314315681,60067.0,65301.0
Assam,Wheat,2010,1.2556061824354507,44772.0,56216.0
Assam,Wheat,2011,1.2089366572125193,40194.0,48592.0
Assam,Wheat,2012,1.3003177966101696,33984.0,44190.0
Assam,Wheat,2013,1.292388317249313,31294.0,40444.0
Assam,Wheat,2014,1.2166539795314217,23646.0,28769.0
Assam,Wheat,2015,1.1675327771156139,20975.0,24489.0
Assam,Wheat,2016,1.344201237680495,17452.0,23459.0
Assam,Wheat,2017,1.3863713032722367,17786.0,24658.0
Assam,Wheat,2018,1.3982295662437296,16945.0,23693.0
Assam,Wheat,2019,1.2729357798165137,11336.0,14430.0
Bihar,Bajra,1997,0.6097726501526977,5894.0,3594.0
Bihar,Bajra,1998,0.5889967637540453,6180.0,3640.0
Bihar,Bajra,1999,0.6077348066298343,1629.0,990.0
Bihar,Bajra,2000,0.8252933507170795,1534.0,1266.0
Bihar,Bajra,2001,0.7222222222222222,828.0,598.0
Bihar,Bajra,2002,1.0294695481335954,1018.0,1048.0
Bihar,Bajra,2003,1.0446428571428572,1568.0,1638.0
Bihar,Bajra,2004,1.0808333333333333,1200.0,1297.0
Bihar,Bajra,2005,1.058321807284463,4338.0,4591.0
Bihar,Bajra,2006,1.0757428153921091,4106.0,4417.0
Bihar,Bajra,2007,1.1026594223620245,3497.0,3856.0
Bihar,Bajra,2008,1.1983108108108107,2960.0,3547.0
Bihar,Bajra,2009,1.111148763131142,2951.0,3279.0
Bihar,Bajra,2010,1.1181199752628324,4851.0,5424.0
Bihar,Bajra,2011,1.1249719542293022,4457.0,5014.0
Bihar,Bajra,2012,1.1399622997172478,4244.0,4838.0
Bihar,Bajra,2013,1.1376042456406368,2638.0,3001.0
Bihar,Bajra,2014,1.1341240875912408,3288.0,3729.0
Bihar,Bajra,2015,1.1328449328449328,4095.0,4639.0
Bihar,Bajra,2016,1.1349607182940515,3564.0,4045.0
Bihar,Bajra,2017,1.1340488696049327,4379.0,4966.0
Bihar,Bajra,2018,1.1338050820199421,3109.0,3525.0
Bihar,Bajra,2019,1.1339031339031338,3159.0,3582.0
Bihar,Gram,1997,0.7505219035094929,121670.0,91316.0
Bihar,Gram,1998,1.0902376894460022,109134.0,118982.0
Bihar,Gram,1999,1.0010297875586407,78657.0,78738.0
Bihar,Gram,2000,1.033760094544022,76155.0,78726.0
Bihar,Gram,2001,0.9483816847256205,71525.0,67833.0
Bihar,Gram,2002,1.0097532265523186,71361.0,72057.0
Bihar,Gram,2003,0.9784741415801399,80322.0,78593.0
Bihar,Gram,2004,0.8342439538495673,72112.0,60159.0
Bihar,Gram,2005,0.9395785813408195,62693.0,58905.0
Bihar,Gram,2006,0.8429035921529582,64279.0,54181.0
Bihar,Gram,2007,0.9901411746353639,64105.0,63473.0
Bihar,Gram,2008,0.9250714810881464,61205.0,56619.0
Bihar,Gram,2009,1.0664862987404713,54703.0,58340.0
Bihar,Gram,2010,1.0437472537129802,56895.0,59384.0
Bihar,Gram,2011,1.294627207765943,59336.0,76818.0
Bihar,Gram,2012,1.4020138922779106,61473.0,86186.0
Bihar,Gram,2013,1.1469873624133713,61325.0,70339.0
Bihar,Gram,2014,0.9581347288423719,60002.0,57490.0
Bihar,Gram,2015,0.9861539238971145,59367.0,58545.0
Bihar,Gram,2016,1.1202412236372212,59364.0,66502.0
Bihar,Gram,2017,1.1538276566874495,58221.0,67177.0
Bihar,Gram,2018,1.1985764116365953,56477.0,67692.0
Bihar,Gram,2019,0.7296882693837354,52802.0,38529.0
Bihar,Lentil,1999,0.9968941733520074,170647.0,170117.0
Bihar,Lentil,2000,0.99188743452457,172202.0,170805.0
Bihar,Lentil,2001,0.8212592341103059,170834.0,140299.0
Bihar,Lentil,2002,0.8721022825354575,179581.0,156613.0
Bihar,Lentil,2003,0.9340318176768769,171037.0,159754.0
Bihar,Lentil,2004,0.710596974850085,178768.0,127032.0
Bihar,Lentil,2005,0.7389839229910014,159358.0,117763.0
Bihar,Lentil,2006,0.7258728428376551,167871.0,121853.0
Bihar,Lentil,2007,0.7958633831165963,158487.0,126134.0
Bihar,Lentil,2008,0.8117821618948178,163773.0,132948.0
Bihar,Lentil,2009,0.8934789685791583,178162.0,159184.0
Bihar,Lentil,2010,0.9393834109281264,172692.0,162224.0
Bihar,Lentil,2011,1.0184877440797673,168490.0,171605.0
Bihar,Lentil,2012,1.1472694942209198,159714.0,183235.0
Bihar,Lentil,2013,1.2723656116349855,154087.0,196055.0
Bihar,Lentil,2014,0.9159712775975725,152912.0,140063.0
Bihar,Lentil,2015,0.9319420020571353,150695.0,140439.0
Bihar,Lentil,2016,1.00535275475211,146093.0,146875.0
Bihar,Lentil,2017,1.0675294219828897,138162.0,147492.0
Bihar,Lentil,2018,1.0007571967494626,147914.0,148026.0
Bihar,Lentil,2019,0.6302797701438698,143046.0,90159.0
Bihar,Lentil,2021,933.0,,
Bihar,Lentil,2022,985.0,,
Bihar,Lentil,2023,813.0,,
Bihar,Maize,1997,1.8695783768966758,700436.0,1309520.0
Bihar,Maize,1998,1.8315100991563762,711099.0,1302385.0
Bihar,Maize,1999,2.115322243040794,738123.0,1561368.0
Bihar,Maize,2000,2.3969331431656475,620505.0,1487309.0
Bihar,Maize,2001,2.4179237049356077,582056.0,1407367.0
Bihar,Maize,2002,2.288055930616877,603605.0,1381082.0
Bihar,Maize,2003,2.390490404425482,616430.0,1473570.0
Bihar,Maize,2004,2.477542470360662,617254.0,1529273.0
Bihar,Maize,2005,2.287974540626308,664274.0,1519842.0
Bihar,Maize,2006,2.738471495520223,641215.0,1755949.0
Bihar,Maize,2007,2.734505180486606,659301.0,1802862.0
Bihar,Maize,2008,2.6782487317966566,640473.0,1715346.0
Bihar,Maize,2009,2.4105490375415752,640703.0,1544446.0
Bihar,Maize,2010,3.225010784730657,653702.0,2108196.0
Bihar,Maize,2011,3.6695492320254637,696833.0,2557063.0
Bihar,Maize,2012,3.9749183656985934,693336.0,2755954.0
Bihar,Maize,2013,3.9657003109215814,732339.0,2904237.0
Bihar,Maize,2014,3.5083961059732376,706518.0,2478745.0
Bihar,Maize,2015,3.5705825194515963,704955.0,2517100.0
Bihar,Maize,2016,5.334507774895618,720910.0,3845700.0
Bihar,Maize,2017,4.606672708968685,677446.0,3120772.0
Bihar,Maize,2018,4.770748254610308,669478.0,3193911.0
Bihar,Maize,2019,5.1926945143492125,673138.0,3495400.0
Bihar,Maize,2021,4026.0,,
Bihar,Maize,2022,5854.0,,
Bihar,Maize,2023,5975.0,,
Bihar,Rapeseed and Mustard,1997,0.8120735891469811,101428.0,82367.0
Bihar,Rapeseed and Mustard,1998,0.8253333333333334,107250.0,88517.0
Bihar,Rapeseed and Mustard,1999,0.792459621181446,88908.0,70456.0
Bihar,Rapeseed and Mustard,2000,0.869540567564503,97011.0,84355.0
Bihar,Rapeseed and Mustard,2001,0.8159132384378748,95895.0,78242.0
Bihar,Rapeseed and Mustard,2002,0.6886268762767563,90072.0,62026.0
Bihar,Rapeseed and Mustard,2003,0.8244089594339397,83666.0,68975.0
Bihar,Rapeseed and Mustard,2004,0.8046611800943305,83112.0,66877.0
Bihar,Rapeseed and Mustard,2005,0.9251751931309943,83622.0,77365.0
Bihar,Rapeseed and Mustard,2006,1.0283410588790098,86941.0,89405.0
Bihar,Rapeseed and Mustard,2007,0.9924880285046411,88126.0,87464.0
Bihar,Rapeseed and Mustard,2008,0.9597255614847827,85265.0,81831.0
Bihar,Rapeseed and Mustard,2009,1.0194375055758764,89672.0,91415.0
Bihar,Rapeseed and Mustard,2010,1.109275509967816,86378.0,95817.0
Bihar,Rapeseed and Mustard,2011,1.416269955494542,90326.0,127926.0
Bihar,Rapeseed and Mustard,2012,1.5954067470601108,86823.0,138518.0
Bihar,Rapeseed and Mustard,2013,1.3741641836567111,85246.0,117142.0
Bihar,Rapeseed and Mustard,2014,1.1000177630410326,84445.0,92891.0
Bihar,Rapeseed and Mustard,2015,1.0528123849783062,89657.0,94392.0
Bihar,Rapeseed and Mustard,2016,1.1801860577503926,82770.0,97684.0
Bihar,Rapeseed and Mustard,2017,1.244761519601648,79126.0,98493.0
Bihar,Rapeseed and Mustard,2018,1.2899759263395627,80586.0,103954.0
Bihar,Rapeseed and Mustard,2019,1.1874667729930888,75240.0,89345.0
Bihar,Rice,1997,1.3953182361612297,5112304.0,7133291.0
Bihar,Rice,1998,1.3723512969975127,4367279.0,5993441.0
Bihar,Rice,1999,1.2761292089324177,869104.0,1109089.0
Bihar,Rice,2000,1.4888165861053957,3656844.0,5444370.0
Bihar,Rice,2001,1.4872108286653618,3564539.0,5301221.0
Bihar,Rice,2002,1.418686244682611,3584701.0,5085566.0
Bihar,Rice,2003,1.5175921070509608,3768224.0,5718627.0
Bihar,Rice,2004,0.7872817437317602,3140116.0,2472156.0
Bihar,Rice,2005,1.1408845743587976,3251236.0,3709285.0
Bihar,Rice,2006,1.4946290290456925,3364010.0,5027947.0
Bihar,Rice,2007,1.2822226906476186,3477371.0,4458764.0
Bihar,Rice,2008,1.5992976800381544,3495273.0,5589982.0
Bihar,Rice,2009,1.1652288870465393,3124030.0,3640210.0
Bihar,Rice,2010,1.093924581987286,2845368.0,3112618.0
Bihar,Rice,2011,2.4584089341008006,3350936.0,8237971.0
Bihar,Rice,2012,2.52267204060036,3298887.0,8322010.0
Bihar,Rice,2013,2.110435271647263,3150814.0,6649589.0
Bihar,Rice,2014,2.525491715016422,3263374.0,8241624.0
Bihar,Rice,2015,2.1044415858112795,3232314.0,6802216.0
Bihar,Rice,2016,2.4668632067350607,3339777.0,8238773.0
Bihar,Rice,2017,2.4472944070169094,3306983.0,8093161.0
Bihar,Rice,2018,1.9481236007471543,3159722.0,6155529.0
Bihar,Rice,2019,2.2446375819641697,3097390.0,6952518.0
Bihar,Rice,2021,2496.0,,
Bihar,Rice,2022,2453.0,,
Bihar,Rice,2023,2541.0,,
Bihar,Sugarcane,1997,45.98505920464701,107424.0,4939899.0
Bihar,Sugarcane,1998,47.70249216813952,106935.0,5101066.0
Bihar,Sugarcane,1999,42.063674149673865,97198.0,4088505.0
Bihar,Sugarcane,2000,42.61327502699697,93529.0,3985577.0
Bihar,Sugarcane,2001,48.182768272686616,120754.0,5818262.0
Bihar,Sugarcane,2002,42.14141884963177,107270.0,4520510.0
Bihar,Sugarcane,2003,41.570203685742,103100.0,4285888.0
Bihar,Sugarcane,2004,39.464070103369835,104189.0,4111722.0
Bihar,Sugarcane,2005,41.884011734144586,101243.0,4240463.0
Bihar,Sugarcane,2007,37.62394080662189,107039.0,4027229.0
Bihar,Sugarcane,2008,44.32376543761506,111902.0,4959918.0
Bihar,Sugarcane,2009,47.22822151516814,72916.0,3443693.0
Bihar,Sugarcane,2010,47.18382587604519,250672.0,11827664.0
Bihar,Sugarcane,2012,50.895627616399835,250344.0,12741415.0
Bihar,Sugarcane,2013,49.91622750592867,258068.0,12881781.0
Bihar,Sugarcane,2014,60.9384008681361,254338.0,15498951.0
Bihar,Sugarcane,2015,48.82618709045533,244021.0,11914615.0
Bihar,Sugarcane,2016,54.41486515254605,239567.0,13036006.0
Bihar,Sugarcane,2017,59.1383245853813,233769.0,13824707.0
Bihar,Sugarcane,2018,89.18093958779431,225567.0,20116277.0
Bihar,Sugarcane,2019,60.64902720954746,223892.0,13578832.0
Bihar,Sugarcane,2021,56949.0,,
Bihar,Sugarcane,2022,60627.0,,
Bihar,Sugarcane,2023,59777.0,,
Bihar,Wheat,1997,1.9581541006282617,2067610.0,4048699.0
Bihar,Wheat,1998,2.0758885324571557,2121335.0,4403655.0
Bihar,Wheat,1999,2.2027160093942513,2080847.0,4583515.0
Bihar,Wheat,2000,2.1467068924067867,2067333.0,4437958.0
Bihar,Wheat,2001,2.062361365327202,2181543.0,4499130.0
Bihar,Wheat,2002,1.896169424378899,2130933.0,4040610.0
Bihar,Wheat,2003,1.776228682146281,2076839.0,3688941.0
Bihar,Wheat,2004,1.609447521087292,2027643.0,3263385.0
Bihar,Wheat,2005,1.4093120541760271,2001771.0,2821120.0
Bihar,Wheat,2006,2.0010049467262667,2076727.0,4155541.0
Bihar,Wheat,2007,2.335486235191664,2131232.0,4977463.0
Bihar,Wheat,2008,2.04463002902687,2158345.0,4413017.0
Bihar,Wheat,2009,2.0811139181644704,2116098.0,4403841.0
Bihar,Wheat,2010,2.4255195147465862,2100181.0,5094030.0
Bihar,Wheat,2011,3.049152338213131,2141892.0,6530955.0
Bihar,Wheat,2012,2.796688324159398,2207704.0,6174260.0
Bihar,Wheat,2013,2.8549086055682706,2148818.0,6134679.0
Bihar,Wheat,2014,1.6571541428958008,2154423.0,3570211.0
Bihar,Wheat,2015,2.243964467606301,2110750.0,4736448.0
Bihar,Wheat,2016,2.8425347763878146,2105811.0,5985841.0
Bihar,Wheat,2017,2.904997404001597,2101311.0,6104303.0
Bihar,Wheat,2018,2.99812162555665,2156652.0,6465905.0
Bihar,Wheat,2019,2.5948283399529344,2150180.0,5579348.0
Bihar,Wheat,2021,2780.0,,
Bihar,Wheat,2022,2958.0,,
Bihar,Wheat,2023,3150.0,,
CHANDIGARH,Gram,1998,1.0,4.0,4.0
CHANDIGARH,Gram,1999,1.0,2.0,2.0
CHANDIGARH,Gram,2000,1.0,1.0,1.0
CHANDIGARH,Lentil,1998,1.5,2.0,3.0
CHANDIGARH,Lentil,1999,1.5,2.0,3.0
CHANDIGARH,Lentil,2000,2.0,1.0,2.0
CHANDIGARH,Lentil,2001,1.25,20.0,25.0
CHANDIGARH,Maize,1998,3.5,380.0,1330.0
CHANDIGARH,Maize,1999,2.4923076923076923,325.0,810.0
CHANDIGARH,Maize,2000,2.5,200.0,500.0
CHANDIGARH,Maize,2001,2.25,200.0,450.0
CHANDIGARH,Maize,2002,2.25,200.0,450.0
CHANDIGARH,Maize,2003,2.0,100.0,200.0
CHANDIGARH,Maize,2004,2.0,60.0,120.0
CHANDIGARH,Maize,2005,2.0,20.0,40.0
CHANDIGARH,Maize,2006,2.0,20.0,40.0
CHANDIGARH,Maize,2007,2.0,20.0,40.0
CHANDIGARH,Maize,2008,2.0833333333333335,60.0,125.0
CHANDIGARH,Maize,2009,2.1666666666666665,30.0,65.0
CHANDIGARH,Maize,2010,2.2,25.0,55.0
CHANDIGARH,Maize,2011,2.2,25.0,55.0
CHANDIGARH,Maize,2012,2.28,25.0,57.0
CHANDIGARH,Maize,2013,2.28,25.0,57.0
CHANDIGARH,Maize,2014,2.0,25.0,50.0
CHANDIGARH,Maize,2015,2.0,20.0,40.0
CHANDIGARH,Maize,2019,3.0,8.0,24.0
CHANDIGARH,Rapeseed and Mustard,1998,1.0833333333333333,120.0,130.0
CHANDIGARH,Rapeseed and Mustard,1999,1.2,100.0,120.0
CHANDIGARH,Rapeseed and Mustard,2000,1.2,80.0,96.0
CHANDIGARH,Rapeseed and Mustard,2001,1.7857142857142858,70.0,125.0
CHANDIGARH,Rapeseed and Mustard,2002,1.6666666666666667,30.0,50.0
CHANDIGARH,Rice,1998,3.0,120.0,360.0
CHANDIGARH,Rice,1999,3.0,80.0,240.0
CHANDIGARH,Rice,2000,5.0,70.0,350.0
CHANDIGARH,Rice,2001,5.0,50.0,250.0
CHANDIGARH,Rice,2002,5.0,140.0,700.0
CHANDIGARH,Rice,2003,5.0,100.0,500.0
CHANDIGARH,Rice,2004,5.0,80.0,400.0
CHANDIGARH,Rice,2005,5.0,50.0,250.0
CHANDIGARH,Rice,2006,5.0,50.0,250.0
CHANDIGARH,Rice,2007,5.0,50.0,250.0
CHANDIGARH,Rice,2008,5.0,20.0,100.0
CHANDIGARH,Rice,2009,5.0,20.0,100.0
CHANDIGARH,Rice,2010,5.15,20.0,103.0
CHANDIGARH,Rice,2011,5.15,20.0,103.0
CHANDIGARH,Rice,2012,5.25,20.0,105.0
CHANDIGARH,Rice,2013,5.3,20.0,106.0
CHANDIGARH,Rice,2014,5.0,20.0,100.0
CHANDIGARH,Rice,2015,5.15,20.0,103.0
CHANDIGARH,Rice,2016,5.25,8.0,42.0
CHANDIGARH,Rice,2017,5.5,10.0,55.0
CHANDIGARH,Rice,2018,5.3,10.0,53.0
CHANDIGARH,Rice,2019,5.5,80.0,440.0
CHANDIGARH,Wheat,1998,4.5,880.0,3960.0
CHANDIGARH,Wheat,1999,4.5,800.0,3600.0
CHANDIGARH,Wheat,2000,4.5,750.0,3375.0
CHANDIGARH,Wheat,2001,4.466666666666667,750.0,3350.0
CHANDIGARH,Wheat,2002,4.735714285714286,700.0,3315.0
CHANDIGARH,Wheat,2003,4.615384615384615,650.0,3000.0
CHANDIGARH,Wheat,2004,4.0,600.0,2400.0
CHANDIGARH,Wheat,2005,4.583333333333333,600.0,2750.0
CHANDIGARH,Wheat,2006,4.666666666666667,600.0,2800.0
CHANDIGARH,Wheat,2007,4.666666666666667,600.0,2800.0
CHANDIGARH,Wheat,2008,4.5,600.0,2700.0
CHANDIGARH,Wheat,2009,4.5,600.0,2700.0
CHANDIGARH,Wheat,2010,4.525,600.0,2715.0
CHANDIGARH,Wheat,2011,4.541666666666667,600.0,2725.0
CHANDIGARH,Wheat,2012,4.504347826086956,575.0,2590.0
CHANDIGARH,Wheat,2013,4.521739130434782,575.0,2600.0
CHANDIGARH,Wheat,2014,4.545454545454546,550.0,2500.0
CHANDIGARH,Wheat,2015,4.6,550.0,2530.0
CHANDIGARH,Wheat,2016,4.7,550.0,2585.0
CHANDIGARH,Wheat,2017,4.6996336996337,546.0,2566.0
CHANDIGARH,Wheat,2018,5.0,546.0,2730.0
CHANDIGARH,Wheat,2019,4.5,546.0,2457.0
Chhattisgarh,Bajra,2000,29.455197132616487,279.0,8218.0
Chhattisgarh,Bajra,2001,30.519337016574585,362.0,11048.0
Chhattisgarh,Bajra,2002,31.40993788819876,322.0,10114.0
Chhattisgarh,Bajra,2003,34.27272727272727,330.0,11310.0
Chhattisgarh,Bajra,2004,33.10238907849829,293.0,9699.0
Chhattisgarh,Bajra,2005,33.21951219512195,574.0,19068.0
Chhattisgarh,Bajra,2006,32.87830687830688,378.0,12428.0
Chhattisgarh,Bajra,2007,32.48639455782313,588.0,19102.0
Chhattisgarh,Bajra,2008,25.312354312354312,429.0,10859.0
Chhattisgarh,Bajra,2009,63.83525535420099,607.0,38748.0
Chhattisgarh,Bajra,2010,30.310789049919485,621.0,18823.0
Chhattisgarh,Bajra,2011,32.38486140724947,938.0,30377.0
Chhattisgarh,Bajra,2012,10.095880149812734,1335.0,13478.0
Chhattisgarh,Bajra,2013,33.50241935483871,1240.0,41543.0
Chhattisgarh,Bajra,2014,33.0916597853014,1211.0,40074.0
Chhattisgarh,Bajra,2015,22.632831086439335,1261.0,28540.0
Chhattisgarh,Bajra,2016,20.162790697674417,1247.0,25143.0
Chhattisgarh,Bajra,2017,18.243795620437957,1370.0,24994.0
Chhattisgarh,Bajra,2018,20.45176960444136,1441.0,29471.0
Chhattisgarh,Bajra,2019,15.38212927756654,2104.0,32364.0
Chhattisgarh,Gram,2000,0.5149996430356251,140070.0,72136.0
Chhattisgarh,Gram,2001,0.7350018880392712,169488.0,124574.0
Chhattisgarh,Gram,2002,0.6440018680092033,175588.0,113079.0
Chhattisgarh,Gram,2003,0.9640011529010606,204701.0,197332.0
Chhattisgarh,Gram,2004,0.5129992028184226,233322.0,119694.0
Chhattisgarh,Gram,2005,0.7097578362252613,242687.0,172249.0
Chhattisgarh,Gram,2006,0.8363069768245982,231366.0,193493.0
Chhattisgarh,Gram,2007,0.8721343792352869,243490.0,212356.0
Chhattisgarh,Gram,2008,0.8015438194581893,237463.0,190337.0
Chhattisgarh,Gram,2009,0.8721285761374874,263937.0,230187.0
Chhattisgarh,Gram,2010,0.9565382281553398,250496.0,239609.0
Chhattisgarh,Gram,2011,1.0019984012789769,260208.0,260728.0
Chhattisgarh,Gram,2012,1.1380006719175781,267890.0,304859.0
Chhattisgarh,Gram,2013,0.7647324787563765,289734.0,221569.0
Chhattisgarh,Gram,2014,1.060999853373934,293263.0,311152.0
Chhattisgarh,Gram,2015,0.7789975403037778,280929.0,218843.0
Chhattisgarh,Gram,2016,1.1639985549878722,290655.0,338322.0
Chhattisgarh,Gram,2017,0.9899977613610924,335025.0,331674.0
Chhattisgarh,Gram,2018,1.0439996131902136,330912.0,345472.0
Chhattisgarh,Gram,2019,0.2519991236718151,419934.0,105823.0
Chhattisgarh,Gram,2021,725.0,,
Chhattisgarh,Gram,2022,912.0,,
Chhattisgarh,Gram,2023,828.0,,
Chhattisgarh,Lentil,2000,0.27096876486443633,12614.0,3418.0
Chhattisgarh,Lentil,2001,0.3237175467201806,15946.0,5162.0
Chhattisgarh,Lentil,2002,0.30895393026201745,14999.0,4634.0
Chhattisgarh,Lentil,2003,0.3419329782512206,18024.0,6163.0
Chhattisgarh,Lentil,2004,0.25836864406779664,18880.0,4878.0
Chhattisgarh,Lentil,2005,0.36166940658641356,18857.0,6820.0
Chhattisgarh,Lentil,2006,0.3254104676664098,16871.0,5490.0
Chhattisgarh,Lentil,2007,0.33297529538131043,16758.0,5580.0
Chhattisgarh,Lentil,2008,0.3255586683171542,15349.0,4997.0
Chhattisgarh,Lentil,2009,0.306439248754312,15654.0,4797.0
Chhattisgarh,Lentil,2010,0.3122281595625699,16094.0,5025.0
Chhattisgarh,Lentil,2011,0.3290690690690691,16650.0,5479.0
Chhattisgarh,Lentil,2012,0.3244452849218356,15864.0,5147.0
Chhattisgarh,Lentil,2013,0.32613111726685134,16245.0,5298.0
Chhattisgarh,Lentil,2014,0.34031479275098764,15947.0,5427.0
Chhattisgarh,Lentil,2015,0.33198916641588927,16615.0,5516.0
Chhattisgarh,Lentil,2016,0.37131147540983606,17080.0,6342.0
Chhattisgarh,Lentil,2017,0.3553699472066819,12691.0,4510.0
Chhattisgarh,Lentil,2018,0.3645609852999603,12585.0,4588.0
Chhattisgarh,Lentil,2019,0.3256429915661811,14347.0,4672.0
Chhattisgarh,Maize,2000,1.3460005998029219,93364.0,125668.0
Chhattisgarh,Maize,2001,0.7429972287358773,93820.0,69708.0
Chhattisgarh,Maize,2002,1.3049970730668938,93955.0,122611.0
Chhattisgarh,Maize,2003,1.370002536139995,98575.0,135048.0
Chhattisgarh,Maize,2004,1.4300007153733738,97851.0,139927.0
Chhattisgarh,Maize,2005,1.0788585153612176,101587.0,109598.0
Chhattisgarh,Maize,2006,1.2331020020969594,100145.0,123489.0
Chhattisgarh,Maize,2007,1.5620681770734957,100591.0,157130.0
Chhattisgarh,Maize,2008,1.407235220125786,99375.0,139844.0
Chhattisgarh,Maize,2009,1.4290854395847465,101721.0,145368.0
Chhattisgarh,Maize,2010,1.8165857659186924,104861.0,190489.0
Chhattisgarh,Maize,2011,1.6550006980965235,107435.0,177805.0
Chhattisgarh,Maize,2012,1.9266597625792758,116839.0,225109.0
Chhattisgarh,Maize,2013,2.0590986325754512,123590.0,254484.0
Chhattisgarh,Maize,2014,1.8789996322177271,125074.0,235014.0
Chhattisgarh,Maize,2015,1.881002880749628,126356.0,237676.0
Chhattisgarh,Maize,2016,2.5660033016167967,120547.0,309324.0
Chhattisgarh,Maize,2017,2.5659981440765107,119617.0,306937.0
Chhattisgarh,Maize,2018,2.568002575245453,118047.0,303145.0
Chhattisgarh,Maize,2019,3.1190036263828937,130433.0,406821.0
Chhattisgarh,Rapeseed and Mustard,2000,0.33100213750596635,48187.0,15950.0
Chhattisgarh,Rapeseed and Mustard,2001,0.3711930068540777,50335.0,18684.0
Chhattisgarh,Rapeseed and Mustard,2002,0.3290099802080263,47494.0,15626.0
Chhattisgarh,Rapeseed and Mustard,2003,0.4119933470730737,55314.0,22789.0
Chhattisgarh,Rapeseed and Mustard,2004,0.3779930643474432,54501.0,20601.0
Chhattisgarh,Rapeseed and Mustard,2005,0.31795849142377564,57193.0,18185.0
Chhattisgarh,Rapeseed and Mustard,2006,0.39955205522204473,54471.0,21764.0
Chhattisgarh,Rapeseed and Mustard,2007,0.40152148958110395,51397.0,20637.0
Chhattisgarh,Rapeseed and Mustard,2008,0.3792891214032928,51992.0,19720.0
Chhattisgarh,Rapeseed and Mustard,2009,0.41372399312845964,52390.0,21675.0
Chhattisgarh,Rapeseed and Mustard,2010,0.41325027861805447,50248.0,20765.0
Chhattisgarh,Rapeseed and Mustard,2011,0.4440060204206159,49166.0,21830.0
Chhattisgarh,Rapeseed and Mustard,2012,0.5070042301723955,47043.0,23851.0
Chhattisgarh,Rapeseed and Mustard,2013,0.567897858735434,47542.0,26999.0
Chhattisgarh,Rapeseed and Mustard,2014,0.5280044669701915,46564.0,24586.0
Chhattisgarh,Rapeseed and Mustard,2015,0.5609766637856526,46280.0,25962.0
Chhattisgarh,Rapeseed and Mustard,2016,0.4294934526305979,42918.0,18433.0
Chhattisgarh,Rapeseed and Mustard,2017,0.4429530201342282,41422.0,18348.0
Chhattisgarh,Rapeseed and Mustard,2018,0.4882558978057072,38828.0,18958.0
Chhattisgarh,Rapeseed and Mustard,2019,0.4480100496773825,35026.0,15692.0
Chhattisgarh,Rice,2000,0.6285025569361967,3769746.0,2369295.0
Chhattisgarh,Rice,2001,1.331646156333462,3810112.0,5073721.0
Chhattisgarh,Rice,2002,0.6974826486548158,3777661.0,2634853.0
Chhattisgarh,Rice,2003,1.4540756418399412,3828992.0,5567644.0
Chhattisgarh,Rice,2004,1.1932952202558649,3843825.0,4586818.0
Chhattisgarh,Rice,2005,1.3666465854701386,3854352.0,5267537.0
Chhattisgarh,Rice,2006,1.3933624884420452,3905319.0,5441525.0
Chhattisgarh,Rice,2007,1.4437980558464376,3902881.0,5634972.0
Chhattisgarh,Rice,2008,1.1981981844398375,3928815.0,4707499.0
Chhattisgarh,Rice,2009,1.132818603245249,3837610.0,4347316.0
Chhattisgarh,Rice,2010,1.6856477582891547,3937796.0,6637737.0
Chhattisgarh,Rice,2011,1.5992647898663546,3939826.0,6300825.0
Chhattisgarh,Rice,2012,1.970884482136884,3982172.0,7848401.0
Chhattisgarh,Rice,2013,1.7811499350130062,3987721.0,7102729.0
Chhattisgarh,Rice,2014,1.9767936169685556,4035700.0,7977746.0
Chhattisgarh,Rice,2015,1.3016814714883227,3959746.0,5154328.0
Chhattisgarh,Rice,2016,2.169792530055493,4052587.0,8793273.0
Chhattisgarh,Rice,2017,1.4457090005446829,3976626.0,5749044.0
Chhattisgarh,Rice,2018,1.5718029119776074,4141378.0,6509430.0
Chhattisgarh,Rice,2019,2.0087489000291137,4266022.0,8569367.0
Chhattisgarh,Rice,2021,2134.0,,
Chhattisgarh,Rice,2022,2602.0,,
Chhattisgarh,Rice,2023,2539.0,,
Chhattisgarh,Sugarcane,2000,2.6011456135061803,3317.0,8628.0
Chhattisgarh,Sugarcane,2001,2.602416570771001,3476.0,9046.0
Chhattisgarh,Sugarcane,2002,2.518827394490776,3957.0,9967.0
Chhattisgarh,Sugarcane,2003,2.5815850815850814,5148.0,13290.0
Chhattisgarh,Sugarcane,2004,2.429837518463811,6770.0,16450.0
Chhattisgarh,Sugarcane,2005,2.50094314201024,7422.0,18562.0
Chhattisgarh,Sugarcane,2006,2.5423601551745714,7991.0,20316.0
Chhattisgarh,Sugarcane,2007,2.4853182564289624,10966.0,27254.0
Chhattisgarh,Sugarcane,2008,2.460704007084348,9034.0,22230.0
Chhattisgarh,Sugarcane,2009,5.208603417796111,6788.0,35356.0
Chhattisgarh,Sugarcane,2010,2.447745358090186,7540.0,18456.0
Chhattisgarh,Sugarcane,2011,5.56670341786108,8163.0,45441.0
Chhattisgarh,Sugarcane,2012,2.7961417578844694,9227.0,25800.0
Chhattisgarh,Sugarcane,2013,40.40481552377735,53286.0,2153011.0
Chhattisgarh,Sugarcane,2014,6.114912069380872,12453.0,76149.0
Chhattisgarh,Sugarcane,2015,2.439779407939233,19221.0,46895.0
Chhattisgarh,Sugarcane,2016,3.492573941866395,31376.0,109583.0
Chhattisgarh,Sugarcane,2017,1.8431704656370214,34834.0,64205.0
Chhattisgarh,Sugarcane,2018,2.159428663877782,43267.0,93432.0
Chhattisgarh,Sugarcane,2019,22.378589493229182,31237.0,699040.0
Chhattisgarh,Sugarcane,2021,56040.0,,
Chhattisgarh,Sugarcane,2022,56890.0,,
Chhattisgarh,Sugarcane,2023,57160.0,,
Chhattisgarh,Wheat,2000,1.0211191613997226,77844.0,79488.0
Chhattisgarh,Wheat,2001,1.0574181747580753,97861.0,103480.0
Chhattisgarh,Wheat,2002,1.05057221405281,93846.0,98592.0
Chhattisgarh,Wheat,2003,1.0662432027443478,106109.0,113138.0
Chhattisgarh,Wheat,2004,0.8586326767091541,99245.0,85215.0
Chhattisgarh,Wheat,2005,0.8775882316583226,97074.0,85191.0
Chhattisgarh,Wheat,2006,1.0079280787014686,93213.0,93952.0
Chhattisgarh,Wheat,2007,1.1002736266049253,95020.0,104548.0
Chhattisgarh,Wheat,2008,1.027310880064112,94834.0,97424.0
Chhattisgarh,Wheat,2009,1.0894075831554648,109163.0,118923.0
Chhattisgarh,Wheat,2010,1.1740002507208223,103701.0,121745.0
Chhattisgarh,Wheat,2011,1.2890150250417363,104825.0,135121.0
Chhattisgarh,Wheat,2012,1.4010173139000293,102230.0,143226.0
Chhattisgarh,Wheat,2013,1.3401121552274047,105033.0,140756.0
Chhattisgarh,Wheat,2014,1.485740588206793,103195.0,153321.0
Chhattisgarh,Wheat,2015,1.3454554048305525,105785.0,142329.0
Chhattisgarh,Wheat,2016,1.4795033002330729,102114.0,151078.0
Chhattisgarh,Wheat,2017,1.385997357992074,102195.0,141642.0
Chhattisgarh,Wheat,2018,1.6710432824618464,99925.0,166979.0
Chhattisgarh,Wheat,2019,1.1686877547861088,116274.0,135888.0
Daman and Diu,Bajra,1998,1.417857142857143,280.0,397.0
Daman and Diu,Bajra,1999,1.2178571428571427,280.0,341.0
Daman and Diu,Bajra,2000,1.9928571428571429,280.0,558.0
Daman and Diu,Bajra,2001,0.7785714285714286,280.0,218.0
Daman and Diu,Bajra,2002,0.7714285714285715,280.0,216.0
Daman and Diu,Bajra,2003,2.6107142857142858,280.0,731.0
Daman and Diu,Bajra,2004,3.414285714285714,280.0,956.0
Daman and Diu,Bajra,2005,1.0321428571428573,280.0,289.0
Daman and Diu,Bajra,2006,2.0142857142857142,280.0,564.0
Daman and Diu,Bajra,2007,1.6535714285714285,280.0,463.0
Daman and Diu,Bajra,2008,1.6142857142857143,280.0,452.0
Daman and Diu,Bajra,2009,0.9071428571428571,280.0,254.0
Daman and Diu,Bajra,2010,1.3785714285714286,280.0,386.0
Daman and Diu,Bajra,2011,1.0964285714285715,280.0,307.0
Daman and Diu,Bajra,2012,1.3607142857142858,280.0,381.0
Daman and Diu,Bajra,2013,1.3333333333333333,300.0,400.0
Daman and Diu,Bajra,2014,1.6666666666666667,300.0,500.0
Daman and Diu,Bajra,2015,1.346700583570253,668.3,900.0
Daman and Diu,Bajra,2016,1.3326771653543308,508.0,677.0
Daman and Diu,Bajra,2017,1.3341013824884793,434.0,579.0
Daman and Diu,Bajra,2018,1.3064516129032258,496.0,648.0
Daman and Diu,Rice,1998,1.0745,2000.0,2149.0
Daman and Diu,Rice,1999,1.0955,2000.0,2191.0
Daman and Diu,Rice,2000,1.206,2000.0,2412.0
Daman and Diu,Rice,2001,0.7505,2000.0,1501.0
Daman and Diu,Rice,2002,1.1265,2000.0,2253.0
Daman and Diu,Rice,2003,1.2595,2000.0,2519.0
Daman and Diu,Rice,2004,0.7745,2000.0,1549.0
Daman and Diu,Rice,2005,1.2785,2000.0,2557.0
Daman and Diu,Rice,2006,1.2155,2000.0,2431.0
Daman and Diu,Rice,2007,1.1705,2000.0,2341.0
Daman and Diu,Rice,2008,1.0835,2000.0,2167.0
Daman and Diu,Rice,2009,1.0835,2000.0,2167.0
Daman and Diu,Rice,2010,1.1505,2000.0,2301.0
Daman and Diu,Rice,2011,1.1135,2000.0,2227.0
Daman and Diu,Rice,2012,1.1415,2000.0,2283.0
Daman and Diu,Rice,2013,1.8,2000.0,3600.0
Daman and Diu,Rice,2014,2.0089875759978852,1891.5,3800.0
Daman and Diu,Rice,2015,1.1385305664610208,1783.0,2030.0
Daman and Diu,Rice,2016,1.2855,2000.0,2571.0
Daman and Diu,Rice,2017,1.2220975883342682,1783.0,2179.0
Daman and Diu,Rice,2018,1.2730446927374302,1432.0,1823.0
Delhi,Bajra,1998,0.8057803468208092,2595.0,2091.0
Delhi,Bajra,1999,1.3788157410812798,2719.0,3749.0
Delhi,Bajra,2000,1.485732606604681,3119.0,4634.0
Delhi,Bajra,2001,1.952887537993921,2632.0,5140.0
Delhi,Bajra,2002,1.806701030927835,1552.0,2804.0
Delhi,Bajra,2003,1.6118251928020566,2334.0,3762.0
Delhi,Bajra,2004,1.8249414519906324,1708.0,3117.0
Delhi,Bajra,2005,1.793491124260355,1690.0,3031.0
Delhi,Bajra,2006,1.8498743718592965,1592.0,2945.0
Delhi,Bajra,2007,1.899747793190416,1586.0,3013.0
Delhi,Bajra,2008,1.8999354422207877,1549.0,2943.0
Delhi,Bajra,2009,1.8783102143757882,1586.0,2979.0
Delhi,Bajra,2010,1.8785107772697582,1531.0,2876.0
Delhi,Bajra,2011,1.8686587908269632,1439.0,2689.0
Delhi,Bajra,2012,2.511520737327189,1519.0,3815.0
Delhi,Bajra,2013,2.511520737327189,1519.0,3815.0
Delhi,Bajra,2014,2.5111842105263156,1520.0,3817.0
Delhi,Bajra,2015,2.197031039136302,1482.0,3256.0
Delhi,Bajra,2016,2.2044384667115,1487.0,3278.0
Delhi,Bajra,2017,2.1677762982689748,1502.0,3256.0
Delhi,Bajra,2018,2.198240866035183,1478.0,3249.0
Delhi,Bajra,2019,3.303728813559322,1475.0,4873.0
Delhi,Gram,1998,0.23684210526315788,152.0,36.0
Delhi,Gram,1999,0.20967741935483872,62.0,13.0
Delhi,Gram,2000,0.16,50.0,8.0
Delhi,Gram,2001,0.1568627450980392,51.0,8.0
Delhi,Gram,2002,0.2191780821917808,73.0,16.0
Delhi,Gram,2003,1.5238095238095237,42.0,64.0
Delhi,Gram,2004,1.3157894736842106,57.0,75.0
Delhi,Gram,2005,1.425531914893617,47.0,67.0
Delhi,Gram,2006,1.4444444444444444,45.0,65.0
Delhi,Gram,2007,1.446808510638298,47.0,68.0
Delhi,Gram,2008,1.4583333333333333,48.0,70.0
Delhi,Gram,2009,0.881578947368421,76.0,67.0
Delhi,Gram,2010,9.375,8.0,75.0
Delhi,Gram,2011,5.538461538461538,13.0,72.0
Delhi,Gram,2012,1.4090909090909092,44.0,62.0
Delhi,Gram,2013,1.4090909090909092,44.0,62.0
Delhi,Gram,2014,1.3170731707317074,41.0,54.0
Delhi,Gram,2015,2.12,25.0,53.0
Delhi,Gram,2016,2.12,25.0,53.0
Delhi,Gram,2017,0.4,25.0,10.0
Delhi,Gram,2018,2.0,2.0,4.0
Delhi,Gram,2019,2.0,2.0,4.0
Delhi,Maize,1998,0.8,165.0,132.0
Delhi,Maize,1999,0.7241379310344828,58.0,42.0
Delhi,Maize,2000,1.6363636363636365,55.0,90.0
Delhi,Maize,2001,1.7924528301886793,53.0,95.0
Delhi,Maize,2002,2.425531914893617,94.0,228.0
Delhi,Maize,2003,1.978494623655914,93.0,184.0
Delhi,Maize,2004,1.524390243902439,82.0,125.0
Delhi,Maize,2005,1.8227848101265822,79.0,144.0
Delhi,Maize,2006,1.8208955223880596,67.0,122.0
Delhi,Maize,2007,1.826086956521739,69.0,126.0
Delhi,Maize,2008,1.8333333333333333,54.0,99.0
Delhi,Maize,2009,21.958333333333332,48.0,1054.0
Delhi,Maize,2010,21.95,40.0,878.0
Delhi,Maize,2011,22.18421052631579,38.0,843.0
Delhi,Maize,2012,22.37837837837838,37.0,828.0
Delhi,Maize,2013,22.37837837837838,37.0,828.0
Delhi,Maize,2014,22.37142857142857,35.0,783.0
Delhi,Maize,2015,5.117647058823529,34.0,174.0
Delhi,Maize,2016,5.117647058823529,34.0,174.0
Delhi,Maize,2017,4.833333333333333,36.0,174.0
Delhi,Maize,2018,5.1,20.0,102.0
Delhi,Maize,2019,5.1,20.0,102.0
Delhi,Rapeseed and Mustard,2019,2.5,3250.0,8125.0
Delhi,Rice,1998,1.47870738052855,7303.0,10799.0
Delhi,Rice,1999,1.8851326341764343,8105.0,15279.0
Delhi,Rice,2000,1.8866677680489015,6053.0,11420.0
Delhi,Rice,2001,1.8833723653395784,6405.0,12063.0
Delhi,Rice,2002,2.117290026246719,6096.0,12907.0
Delhi,Rice,2003,2.7346159719041077,6549.0,17909.0
Delhi,Rice,2004,3.3466967145059896,8431.0,28216.0
Delhi,Rice,2005,2.8100186517452705,7506.0,21092.0
Delhi,Rice,2006,2.8200785801381927,7381.0,20815.0
Delhi,Rice,2007,2.8232915487262433,7419.0,20946.0
Delhi,Rice,2008,2.8232703509021166,7039.0,19873.0
Delhi,Rice,2009,2.786688168890192,6821.0,19008.0
Delhi,Rice,2010,2.7866530373831777,6848.0,19083.0
Delhi,Rice,2011,2.786699779249448,7248.0,20198.0
Delhi,Rice,2012,3.2577455504284774,6068.0,19768.0
Delhi,Rice,2013,3.2577455504284774,6068.0,19768.0
Delhi,Rice,2014,2.8614747307373656,6035.0,17269.0
Delhi,Rice,2015,2.8614887831407207,5884.0,16837.0
Delhi,Rice,2016,2.889670182487862,5973.0,17260.0
Delhi,Rice,2017,2.8761530577382985,5854.0,16837.0
Delhi,Rice,2018,2.8772229822161424,5848.0,16826.0
Delhi,Rice,2019,3.006155950752394,5848.0,17580.0
Delhi,Sugarcane,1998,60.0,5.0,300.0
Delhi,Sugarcane,1999,50.0,4.0,200.0
Delhi,Sugarcane,2000,40.0,5.0,200.0
Delhi,Sugarcane,2001,66.66666666666667,3.0,200.0
Delhi,Sugarcane,2002,68.0,5.0,340.0
Delhi,Sugarcane,2003,73.25,4.0,293.0
Delhi,Sugarcane,2004,75.25,4.0,301.0
Delhi,Sugarcane,2005,56.25,4.0,225.0
Delhi,Sugarcane,2006,75.25,4.0,301.0
Delhi,Sugarcane,2007,92.0,3.0,276.0
Delhi,Sugarcane,2008,75.33333333333333,3.0,226.0
Delhi,Sugarcane,2009,75.33333333333333,3.0,226.0
Delhi,Sugarcane,2010,75.33333333333333,3.0,226.0
Delhi,Sugarcane,2011,75.33333333333333,3.0,226.0
Delhi,Sugarcane,2012,75.33333333333333,3.0,226.0
Delhi,Sugarcane,2013,75.33333333333333,3.0,226.0
Delhi,Wheat,1998,3.4709862422270192,31037.0,107729.0
Delhi,Wheat,1999,3.642978659901507,33505.0,122058.0
Delhi,Wheat,2000,3.517998275614312,27836.0,97927.0
Delhi,Wheat,2001,3.5099946388910164,26114.0,91660.0
Delhi,Wheat,2002,4.013997985901309,19860.0,79718.0
Delhi,Wheat,2003,4.368998049860328,18973.0,82893.0
Delhi,Wheat,2004,4.322011232949986,18695.0,80800.0
Delhi,Wheat,2005,4.344001312982111,18279.0,79404.0
Delhi,Wheat,2006,4.355010064862447,17884.0,77885.0
Delhi,Wheat,2007,4.3600274568127215,17482.0,76222.0
Delhi,Wheat,2008,4.360010851871948,18430.0,80355.0
Delhi,Wheat,2009,4.339950255760477,21309.0,92480.0
Delhi,Wheat,2010,4.3399553017134345,20135.0,87385.0
Delhi,Wheat,2011,4.339937655201564,18927.0,82142.0
Delhi,Wheat,2012,4.36,19450.0,84802.0
Delhi,Wheat,2013,4.44719794344473,19450.0,86498.0
Delhi,Wheat,2014,4.4193181818181815,19360.0,85558.0
Delhi,Wheat,2015,4.378950131233596,19050.0,83419.0
Delhi,Wheat,2016,4.443074100499439,19622.0,87182.0
Delhi,Wheat,2017,4.240709674139596,19671.0,83419.0
Delhi,Wheat,2018,4.311966701352757,19220.0,82876.0
Delhi,Wheat,2019,4.311680882047015,19228.0,82905.0
Goa,Rice,1997,2.775687945890855,21586.0,59916.0
Goa,Rice,1998,2.6785378904658126,56439.0,151174.0
Goa,Rice,1999,2.4672121030451573,56713.0,139923.0
Goa,Rice,2000,2.4843638016326675,57207.0,142123.0
Goa,Rice,2001,2.5620760180628963,49383.0,126523.0
Goa,Rice,2002,2.6862604397137675,50169.0,134767.0
Goa,Rice,2003,3.2321546940398855,52801.0,170661.0
Goa,Rice,2004,2.7682773349605276,52442.0,145174.0
Goa,Rice,2005,2.8218563734979014,52177.0,147236.0
Goa,Rice,2006,2.433613286779277,52985.0,128945.0
Goa,Rice,2007,2.331417294169493,52191.0,121679.0
Goa,Rice,2008,2.470644284961278,49326.0,121867.0
Goa,Rice,2009,2.135805876358696,47104.0,100605.0
Goa,Rice,2010,2.4670471123315885,46612.0,114994.0
Goa,Rice,2011,2.58253064335161,47237.0,121991.0
Goa,Rice,2012,2.6799258127863843,45830.0,122821.0
Goa,Rice,2013,2.9544838860345632,42820.0,126511.0
Goa,Rice,2014,2.871217536335478,41970.0,120505.0
Goa,Rice,2015,2.783184984520124,41344.0,115068.0
Goa,Rice,2016,2.773608015089533,40823.0,113227.0
Goa,Rice,2017,2.673857736240914,38520.0,102997.0
Goa,Rice,2018,2.716963500439754,36384.0,98854.0
Goa,Rice,2019,2.60461698080581,34698.0,90375.0
Goa,Sugarcane,1998,48.484848484848484,1320.0,64000.0
Goa,Sugarcane,1999,51.265917602996254,1335.0,68440.0
Goa,Sugarcane,2000,58.2,1250.0,72750.0
Goa,Sugarcane,2001,58.560165975103736,1205.0,70565.0
Goa,Sugarcane,2002,55.10942760942761,1188.0,65470.0
Goa,Sugarcane,2003,47.60909090909091,1210.0,57607.0
Goa,Sugarcane,2004,50.06859504132231,1210.0,60583.0
Goa,Sugarcane,2005,50.33063063063063,1110.0,55867.0
Goa,Sugarcane,2006,52.034821428571426,1120.0,58279.0
Goa,Sugarcane,2007,54.184719535783366,1034.0,56027.0
Goa,Sugarcane,2008,48.23996082272282,1021.0,49253.0
Goa,Sugarcane,2009,58.61478163493841,893.0,52343.0
Goa,Sugarcane,2010,53.321389793702494,921.0,49109.0
Goa,Sugarcane,2011,50.911475409836065,915.0,46584.0
Goa,Sugarcane,2012,53.92857142857143,854.0,46055.0
Goa,Sugarcane,2013,54.66628440366973,872.0,47669.0
Goa,Sugarcane,2014,60.90965346534654,808.0,49215.0
Goa,Sugarcane,2015,50.989464442493414,1139.0,58077.0
Goa,Sugarcane,2016,44.84057971014493,897.0,40222.0
Goa,Sugarcane,2017,51.824175824175825,910.0,47160.0
Goa,Sugarcane,2018,39.747747747747745,888.0,35296.0
Goa,Sugarcane,2019,66.22441430332923,811.0,53708.0
Gujarat,Bajra,1997,1.3644578313253013,1095600.0,1494900.0
Gujarat,Bajra,1998,1.2340979182729375,1037600.0,1280500.0
Gujarat,Bajra,1999,0.9183761606564457,926200.0,850600.0
Gujarat,Bajra,2000,0.8320865345733927,989200.0,823100.0
Gujarat,Bajra,2001,1.3431581187486699,939800.0,1262300.0
Gujarat,Bajra,2002,0.9646883641778345,940200.0,907000.0
Gujarat,Bajra,2003,1.493465272591486,1071200.0,1599800.0
Gujarat,Bajra,2004,1.190033876079117,915100.0,1089000.0
Gujarat,Bajra,2005,1.274630021141649,946000.0,1205800.0
Gujarat,Bajra,2006,1.0337042238306147,925700.0,956900.0
Gujarat,Bajra,2007,1.4177517361111112,921600.0,1306600.0
Gujarat,Bajra,2008,1.3668420304279825,703300.0,961300.0
Gujarat,Bajra,2009,1.2315007429420506,673000.0,828800.0
Gujarat,Bajra,2010,1.7204264099037139,872400.0,1500900.0
Gujarat,Bajra,2011,1.8607872561468313,866300.0,1612000.0
Gujarat,Bajra,2012,1.7432432432432432,599400.0,1044900.0
Gujarat,Bajra,2013,2.0237027889572468,672115.0,1360161.0
Gujarat,Bajra,2014,2.2297833940596385,453016.2,1010128.0
Gujarat,Bajra,2015,2.2647967113874348,391168.0,885916.0
Gujarat,Bajra,2016,2.1133386342614595,431371.0,911633.0
Gujarat,Bajra,2017,2.429591189267585,397152.0,964917.0
Gujarat,Bajra,2018,2.2795684096277853,391575.0,892622.0
Gujarat,Bajra,2019,2.4252708239316543,449831.0,1090962.0
Gujarat,Bajra,2021,2442.0,,
Gujarat,Bajra,2022,2577.0,,
Gujarat,Bajra,2023,2511.0,,
Gujarat,Gram,1997,0.8004866180048662,123300.0,98700.0
Gujarat,Gram,1998,0.8707435719249479,143900.0,125300.0
Gujarat,Gram,1999,0.5115995115995116,81900.0,41900.0
Gujarat,Gram,2000,0.5212121212121212,16500.0,8600.0
Gujarat,Gram,2001,0.5539714867617108,49100.0,27200.0
Gujarat,Gram,2002,0.5026086956521739,57500.0,28900.0
Gujarat,Gram,2003,0.8843582887700535,149600.0,132300.0
Gujarat,Gram,2004,0.8027709861450693,122700.0,98500.0
Gujarat,Gram,2005,1.0055732484076434,125600.0,126300.0
Gujarat,Gram,2006,0.950253807106599,197000.0,187200.0
Gujarat,Gram,2007,0.978584729981378,214800.0,210200.0
Gujarat,Gram,2008,1.007981755986317,175400.0,176800.0
Gujarat,Gram,2009,0.9447806354009077,132200.0,124900.0
Gujarat,Gram,2010,1.1384615384615384,175500.0,199800.0
Gujarat,Gram,2011,1.1392246769487286,239900.0,273300.0
Gujarat,Gram,2012,0.9779573842762674,136100.0,133100.0
Gujarat,Gram,2013,1.2358700600041381,241650.0,298648.0
Gujarat,Gram,2014,1.0233925261001073,163984.0,167820.0
Gujarat,Gram,2015,0.8865038740665427,114092.0,101143.0
Gujarat,Gram,2016,1.1245347054959491,164412.0,184887.0
Gujarat,Gram,2017,1.2852063001916292,292753.0,376248.0
Gujarat,Gram,2018,1.3580952160690125,172954.0,234888.0
Gujarat,Gram,2019,1.5713647338820775,405046.0,636475.0
Gujarat,Gram,2021,1908.0,,
Gujarat,Gram,2022,1699.0,,
Gujarat,Gram,2023,1714.0,,
Gujarat,Maize,1997,1.6483241620810405,399800.0,659000.0
Gujarat,Maize,1998,1.704628949301984,408300.0,696000.0
Gujarat,Maize,1999,1.289002557544757,391000.0,504000.0
Gujarat,Maize,2000,0.7534604335335596,382900.0,288500.0
Gujarat,Maize,2001,1.9945885005636979,443500.0,884600.0
Gujarat,Maize,2002,1.706350914962325,464500.0,792600.0
Gujarat,Maize,2003,1.7173823286540049,484400.0,831900.0
Gujarat,Maize,2004,0.8977149075081611,459500.0,412500.0
Gujarat,Maize,2005,1.5810899540380827,456900.0,722400.0
Gujarat,Maize,2006,0.45052490507035964,447700.0,201700.0
Gujarat,Maize,2007,1.3752358490566037,424000.0,583100.0
Gujarat,Maize,2008,1.4385294819766055,418900.0,602600.0
Gujarat,Maize,2009,0.9633228078698081,411700.0,396600.0
Gujarat,Maize,2010,1.7296198054818746,565500.0,978100.0
Gujarat,Maize,2011,1.524714091878271,515900.0,786600.0
Gujarat,Maize,2012,1.726518130187855,457800.0,790400.0
Gujarat,Maize,2013,1.4618810747809436,432423.0,632151.0
Gujarat,Maize,2014,1.4424180026474482,394342.0,568806.0
Gujarat,Maize,2015,1.552636883453553,391921.0,608511.0
Gujarat,Maize,2016,1.86872108816318,449859.0,840661.0
Gujarat,Maize,2017,1.7869214768590744,399984.0,714740.0
Gujarat,Maize,2018,1.9595576017046898,409224.0,801898.0
Gujarat,Maize,2019,1.8163271823907692,438361.0,796207.0
Gujarat,Maize,2021,2090.0,,
Gujarat,Maize,2022,2140.0,,
Gujarat,Maize,2023,2244.0,,
Gujarat,Rapeseed and Mustard,1997,1.0127314814814814,345600.0,350000.0
Gujarat,Rapeseed and Mustard,1998,1.3827893175074184,337000.0,466000.0
Gujarat,Rapeseed and Mustard,1999,0.940625,320000.0,301000.0
Gujarat,Rapeseed and Mustard,2000,1.235262593783494,186600.0,230500.0
Gujarat,Rapeseed and Mustard,2001,1.1821125050586807,247100.0,292100.0
Gujarat,Rapeseed and Mustard,2002,1.0708955223880596,160800.0,172200.0
Gujarat,Rapeseed and Mustard,2003,1.4686223542517638,269300.0,395500.0
Gujarat,Rapeseed and Mustard,2004,1.3904532967032968,291200.0,404900.0
Gujarat,Rapeseed and Mustard,2005,1.5642493638676844,314400.0,491800.0
Gujarat,Rapeseed and Mustard,2006,1.3688901667625073,347800.0,476100.0
Gujarat,Rapeseed and Mustard,2007,1.6353115727002967,337000.0,551100.0
Gujarat,Rapeseed and Mustard,2008,1.1374617216740388,293900.0,334300.0
Gujarat,Rapeseed and Mustard,2009,1.5805555555555555,216000.0,341400.0
Gujarat,Rapeseed and Mustard,2010,1.5680287382128424,222700.0,349200.0
Gujarat,Rapeseed and Mustard,2011,1.5765895953757225,207600.0,327300.0
Gujarat,Rapeseed and Mustard,2012,1.6945488721804511,212800.0,360600.0
Gujarat,Rapeseed and Mustard,2013,1.7632951743508098,276999.0,488431.0
Gujarat,Rapeseed and Mustard,2014,1.8196023955720835,185008.0,336641.0
Gujarat,Rapeseed and Mustard,2015,1.4525905591316421,190152.0,276213.0
Gujarat,Rapeseed and Mustard,2016,1.7713908688306625,200062.0,354388.0
Gujarat,Rapeseed and Mustard,2017,1.8079163446895237,221289.0,400072.0
Gujarat,Rapeseed and Mustard,2018,1.7835899588443662,195356.0,348435.0
Gujarat,Rapeseed and Mustard,2019,1.9322434508568052,172618.0,333540.0
Gujarat,Rapeseed and Mustard,2021,1995.0,,
Gujarat,Rapeseed and Mustard,2022,1966.0,,
Gujarat,Rapeseed and Mustard,2023,1896.0,,
Gujarat,Rice,1997,1.549658043413619,672600.0,1042300.0
Gujarat,Rice,1998,1.633017199807105,622100.0,1015900.0
Gujarat,Rice,1999,1.4823901264298616,664400.0,984900.0
Gujarat,Rice,2000,0.8227783452502554,587400.0,483300.0
Gujarat,Rice,2001,1.5576519916142557,667800.0,1040200.0
Gujarat,Rice,2002,1.240432612312812,480800.0,596400.0
Gujarat,Rice,2003,1.8910114023397009,675300.0,1277000.0
Gujarat,Rice,2004,1.7611127465410656,679400.0,1196500.0
Gujarat,Rice,2005,1.907564274037747,672900.0,1283600.0
Gujarat,Rice,2006,1.6555926302045554,689300.0,1141200.0
Gujarat,Rice,2007,1.943316635908252,758600.0,1474200.0
Gujarat,Rice,2008,1.7434765154556402,747300.0,1302900.0
Gujarat,Rice,2009,1.9028697571743929,679500.0,1293000.0
Gujarat,Rice,2010,2.061378542259621,808100.0,1665800.0
Gujarat,Rice,2011,2.142070616397367,835500.0,1789700.0
Gujarat,Rice,2012,2.1356439880188276,701100.0,1497300.0
Gujarat,Rice,2013,2.1673478392830807,820399.0,1778090.0
Gujarat,Rice,2014,2.2299686698731063,794443.0,1771583.0
Gujarat,Rice,2015,2.1853569315742294,774182.0,1691864.0
Gujarat,Rice,2016,2.3459739738794965,847610.0,1988471.0
Gujarat,Rice,2017,2.2095534847829392,855290.0,1889809.0
Gujarat,Rice,2018,2.2790598713390207,838949.0,1912015.0
Gujarat,Rice,2019,2.192329297285343,904350.0,1982633.0
Gujarat,Rice,2021,2355.0,,
Gujarat,Rice,2022,2530.0,,
Gujarat,Rice,2023,2485.0,,
Gujarat,Sugarcane,1997,71.7090909090909,165000.0,11832000.0
Gujarat,Sugarcane,1998,69.10341314314825,196300.0,13565000.0
Gujarat,Sugarcane,1999,69.83614697120159,201400.0,14065000.0
Gujarat,Sugarcane,2000,71.40686550365785,177700.0,12689000.0
Gujarat,Sugarcane,2001,70.8646188850967,175800.0,12458000.0
Gujarat,Sugarcane,2002,69.33957614588468,202900.0,14069000.0
Gujarat,Sugarcane,2003,71.90124858115777,176200.0,12669000.0
Gujarat,Sugarcane,2004,74.04883011190233,196600.0,14558000.0
Gujarat,Sugarcane,2005,83.42401500938087,213200.0,17786000.0
Gujarat,Sugarcane,2006,76.60342434058306,216100.0,16554000.0
Gujarat,Sugarcane,2007,71.99052132701422,211000.0,15190000.0
Gujarat,Sugarcane,2008,70.09489380930863,221300.0,15512000.0
Gujarat,Sugarcane,2009,69.91066736731477,190300.0,13304000.0
Gujarat,Sugarcane,2010,72.39873750657549,190100.0,13763000.0
Gujarat,Sugarcane,2011,63.14016840019812,201900.0,12748000.0
Gujarat,Sugarcane,2012,7.13929784824462,176600.0,1260800.0
Gujarat,Sugarcane,2013,66.52854129951174,173065.0,11513762.0
Gujarat,Sugarcane,2014,68.7692912592962,208553.0,14342042.0
Gujarat,Sugarcane,2015,69.66912110990899,157130.0,10947109.0
Gujarat,Sugarcane,2016,68.2775861305044,157987.0,10786971.0
Gujarat,Sugarcane,2017,63.966279396144174,181699.0,11622609.0
Gujarat,Sugarcane,2018,72.4350561044219,161039.0,11664869.0
Gujarat,Sugarcane,2019,71.88978501304834,160940.0,11569942.0
Gujarat,Sugarcane,2021,78306.0,,
Gujarat,Sugarcane,2022,74344.0,,
Gujarat,Sugarcane,2023,71621.0,,
Gujarat,Wheat,1997,2.373342939481268,694000.0,1647100.0
Gujarat,Wheat,1998,2.4136660051034875,705400.0,1702600.0
Gujarat,Wheat,1999,2.115743621655258,482100.0,1020000.0
Gujarat,Wheat,2000,2.2684376092275427,286100.0,649000.0
Gujarat,Wheat,2001,2.435013826845352,470100.0,1144700.0
Gujarat,Wheat,2002,1.9664830119375574,435600.0,856600.0
Gujarat,Wheat,2003,2.6813693219223174,759500.0,2036500.0
Gujarat,Wheat,2004,2.482128127577674,727400.0,1805500.0
Gujarat,Wheat,2005,2.7005123428039126,858800.0,2319200.0
Gujarat,Wheat,2006,2.6032826634337405,1072300.0,2791500.0
Gujarat,Wheat,2007,3.012559855561661,1273900.0,3837700.0
Gujarat,Wheat,2008,2.3754810335349092,1091400.0,2592600.0
Gujarat,Wheat,2009,2.6780182232346244,878000.0,2351300.0
Gujarat,Wheat,2010,3.155860506106005,1588600.0,5013400.0
Gujarat,Wheat,2011,3.0150303568784245,1350600.0,4072100.0
Gujarat,Wheat,2012,2.8764044943820224,1023500.0,2944000.0
Gujarat,Wheat,2013,3.1949187679575783,1442288.0,4607993.0
Gujarat,Wheat,2014,2.8114642634890634,1171449.0,3293487.0
Gujarat,Wheat,2015,2.7000813808155804,857696.0,2315849.0
Gujarat,Wheat,2016,2.7594934808929628,999370.0,2757755.0
Gujarat,Wheat,2017,2.9288831086403384,1058778.0,3101037.0
Gujarat,Wheat,2018,3.019649855235362,797156.0,2407132.0
Gujarat,Wheat,2019,3.2678317056420334,1393487.0,4553681.0
Gujarat,Wheat,2021,3205.0,,
Gujarat,Wheat,2022,3248.0,,
Gujarat,Wheat,2023,3027.0,,
Haryana,Bajra,1997,1.154109589041096,584000.0,674000.0
Haryana,Bajra,1998,1.0091752096468538,613174.0,618800.0
Haryana,Bajra,1999,0.9916899111738916,586877.0,582000.0
Haryana,Bajra,2000,1.0783780273901444,608321.0,656000.0
Haryana,Bajra,2001,1.4210707905047877,585474.0,832000.0
Haryana,Bajra,2002,0.8915362454255237,513720.0,458000.0
Haryana,Bajra,2003,1.419185829598423,624513.0,886300.0
Haryana,Bajra,2004,1.3196229345513018,565313.0,746000.0
Haryana,Bajra,2005,1.1176898964632873,631660.0,706000.0
Haryana,Bajra,2006,1.6494745430018498,618985.0,1021000.0
Haryana,Bajra,2007,1.8408141621668102,627983.0,1156000.0
Haryana,Bajra,2008,1.7734372705707302,612934.0,1087000.0
Haryana,Bajra,2009,1.5929867473779953,583809.0,930000.0
Haryana,Bajra,2010,1.7935329718977793,659592.0,1183000.0
Haryana,Bajra,2011,2.0393392887825925,576167.0,1175000.0
Haryana,Bajra,2012,1.9258346703803706,410731.0,791000.0
Haryana,Bajra,2013,2.0570719602977667,403000.0,829000.0
Haryana,Bajra,2014,1.737913486005089,393000.0,683000.0
Haryana,Bajra,2015,1.7648648648648648,370000.0,653000.0
Haryana,Bajra,2016,2.0116304113719576,464300.0,934000.0
Haryana,Bajra,2017,1.602803738317757,449400.0,720300.0
Haryana,Bajra,2018,2.0680480339062868,424700.0,878300.0
Haryana,Bajra,2019,2.2347332116047878,492900.0,1101500.0
Haryana,Bajra,2021,2318.0,,
Haryana,Bajra,2022,2280.0,,
Haryana,Bajra,2023,2200.0,,
Haryana,Gram,1997,0.8728813559322034,354000.0,309000.0
Haryana,Gram,1998,0.823824788719765,356872.0,294000.0
Haryana,Gram,1999,0.5776604750759424,100405.0,58000.0
Haryana,Gram,2000,0.6423845313804843,124536.0,80000.0
Haryana,Gram,2001,0.8562845672253573,142476.0,122000.0
Haryana,Gram,2002,0.7501189212924,54658.0,41000.0
Haryana,Gram,2003,0.8140339452155155,122845.0,100000.0
Haryana,Gram,2004,0.8432171979243884,107920.0,91000.0
Haryana,Gram,2005,0.5547764713134333,129782.0,72000.0
Haryana,Gram,2006,0.8359961358400833,107656.0,90000.0
Haryana,Gram,2007,0.503083716857031,107338.0,54000.0
Haryana,Gram,2008,1.0440018452125637,123563.0,129000.0
Haryana,Gram,2009,0.7378229462936298,84031.0,62000.0
Haryana,Gram,2010,0.9863613131159154,111521.0,110000.0
Haryana,Gram,2011,0.9254329251286733,78882.0,73000.0
Haryana,Gram,2012,1.1268683690174983,47033.0,53000.0
Haryana,Gram,2013,0.8674698795180723,83000.0,72000.0
Haryana,Gram,2014,0.640625,64000.0,41000.0
Haryana,Gram,2015,0.6190476190476191,42000.0,26000.0
Haryana,Gram,2016,1.170731707317073,36900.0,43200.0
Haryana,Gram,2017,1.1246105919003115,32100.0,36100.0
Haryana,Gram,2018,1.3853006681514477,44900.0,62200.0
Haryana,Gram,2019,1.0709574710029566,43970.0,47090.0
Haryana,Lentil,1998,0.6843147848010085,11106.0,7600.0
Haryana,Lentil,1999,0.7167630057803468,8650.0,6200.0
Haryana,Lentil,2000,0.8008624672724473,6493.0,5200.0
Haryana,Lentil,2001,0.8042895442359249,9325.0,7500.0
Haryana,Lentil,2002,0.8958195089581951,6028.0,5400.0
Haryana,Lentil,2003,0.814176245210728,6264.0,5100.0
Haryana,Lentil,2004,0.7951277279648113,5911.0,4700.0
Haryana,Lentil,2005,0.7492795389048992,5205.0,3900.0
Haryana,Lentil,2006,0.7845774490024658,4461.0,3500.0
Haryana,Lentil,2007,0.7580174927113703,3430.0,2600.0
Haryana,Lentil,2008,0.7410456978180321,4858.0,3600.0
Haryana,Lentil,2009,0.7748600947051227,4646.0,3600.0
Haryana,Lentil,2010,0.9009009009009009,3663.0,3300.0
Haryana,Lentil,2011,0.8961518186610438,3794.0,3400.0
Haryana,Lentil,2012,0.982442748091603,2620.0,2574.0
Haryana,Lentil,2013,0.96,2500.0,2400.0
Haryana,Lentil,2014,0.8,2000.0,1600.0
Haryana,Lentil,2015,0.7222222222222222,1800.0,1300.0
Haryana,Lentil,2016,0.75,1600.0,1200.0
Haryana,Lentil,2017,0.8431372549019608,1530.0,1290.0
Haryana,Lentil,2018,0.5015873015873016,1260.0,632.0
Haryana,Lentil,2019,0.6871444823663254,879.0,604.0
Haryana,Maize,1997,1.9230769230769231,26000.0,50000.0
Haryana,Maize,1998,1.9386588457523488,20117.0,39000.0
Haryana,Maize,1999,2.390676362187469,20078.0,48000.0
Haryana,Maize,2000,2.2036424914122756,15429.0,34000.0
Haryana,Maize,2001,2.6192599197503346,17944.0,47000.0
Haryana,Maize,2002,1.825506735490369,15886.0,29000.0
Haryana,Maize,2003,2.4743512371756187,16570.0,41000.0
Haryana,Maize,2004,2.4733637747336377,15768.0,39000.0
Haryana,Maize,2005,2.0607934054611023,17469.0,36000.0
Haryana,Maize,2006,2.236802863107665,13412.0,30000.0
Haryana,Maize,2007,2.6856354794222255,13777.0,37000.0
Haryana,Maize,2008,2.1412184552638287,11769.0,25200.0
Haryana,Maize,2009,2.13132223952783,12199.0,26000.0
Haryana,Maize,2010,1.9664665700683088,9662.0,19000.0
Haryana,Maize,2011,2.716161158895428,11045.0,30000.0
Haryana,Maize,2012,2.6321117635148816,9878.0,26000.0
Haryana,Maize,2013,3.0,8000.0,24000.0
Haryana,Maize,2014,2.0,9000.0,18000.0
Haryana,Maize,2015,3.086206896551724,5800.0,17900.0
Haryana,Maize,2016,3.0952380952380953,6300.0,19500.0
Haryana,Maize,2017,3.121212121212121,6600.0,20600.0
Haryana,Maize,2018,2.6440677966101696,5900.0,15600.0
Haryana,Maize,2019,2.8578512396694213,6050.0,17290.0
Haryana,Rapeseed and Mustard,1998,1.2354657002579412,497788.0,615000.0
Haryana,Rapeseed and Mustard,1999,1.3227572040247388,449818.0,595000.0
Haryana,Rapeseed and Mustard,2000,1.3675104948479837,408772.0,559000.0
Haryana,Rapeseed and Mustard,2001,1.491215806887553,536475.0,800000.0
Haryana,Rapeseed and Mustard,2002,1.148302341251732,606983.0,697000.0
Haryana,Rapeseed and Mustard,2003,1.5583190823842121,619257.0,965000.0
Haryana,Rapeseed and Mustard,2004,1.177438898923158,699824.0,824000.0
Haryana,Rapeseed and Mustard,2005,1.1202296979562307,707712.0,792800.0
Haryana,Rapeseed and Mustard,2006,1.3440981537664334,598245.0,804100.0
Haryana,Rapeseed and Mustard,2007,1.2024580902065125,496483.0,597000.0
Haryana,Rapeseed and Mustard,2008,1.7411115564358286,513982.0,894900.0
Haryana,Rapeseed and Mustard,2010,1.8696942765381817,509709.0,953000.0
Haryana,Rapeseed and Mustard,2011,1.3953531771951106,535850.0,747700.0
Haryana,Rapeseed and Mustard,2012,1.7182826129789177,558290.0,959300.0
Haryana,Rapeseed and Mustard,2013,1.6411214953271027,535000.0,878000.0
Haryana,Rapeseed and Mustard,2014,1.4354166666666666,480000.0,689000.0
Haryana,Rapeseed and Mustard,2015,1.6110019646365423,509000.0,820000.0
Haryana,Rapeseed and Mustard,2016,1.851388888888889,504000.0,933100.0
Haryana,Rapeseed and Mustard,2017,2.018258170531313,547700.0,1105400.0
Haryana,Rapeseed and Mustard,2018,2.0633140972794726,606500.0,1251400.0
Haryana,Rapeseed and Mustard,2019,1.7947831552482716,636400.0,1142200.0
Haryana,Rapeseed and Mustard,2021,1914.0,,
Haryana,Rapeseed and Mustard,2022,1701.0,,
Haryana,Rapeseed and Mustard,2023,1816.0,,
Haryana,Rice,1997,2.799561883899233,913000.0,2556000.0
Haryana,Rice,1998,2.237980517054479,1086694.0,2432000.0
Haryana,Rice,1999,2.366460705487825,1083052.0,2563000.0
Haryana,Rice,2000,2.5562420680614863,1054282.0,2695000.0
Haryana,Rice,2001,2.65302845241629,1027505.0,2726000.0
Haryana,Rice,2002,2.725111549592503,905651.0,2468000.0
Haryana,Rice,2003,2.748251314284701,1015191.0,2790000.0
Haryana,Rice,2004,2.9387758290081583,1024236.0,3010000.0
Haryana,Rice,2005,3.051821729276468,1046588.0,3194000.0
Haryana,Rice,2006,3.2350129937929206,1042036.0,3371000.0
Haryana,Rice,2007,3.3620966952435563,1072545.0,3606000.0
Haryana,Rice,2008,2.7238597398008007,1211149.0,3299000.0
Haryana,Rice,2009,3.0072071848048174,1206435.0,3628000.0
Haryana,Rice,2010,2.786980578002881,1243281.0,3465000.0
Haryana,Rice,2011,2.896294771711069,1234094.0,3574300.0
Haryana,Rice,2012,3.267136716531745,1206255.0,3941000.0
Haryana,Rice,2013,3.2483922829581995,1244000.0,4041000.0
Haryana,Rice,2014,3.1237274862960063,1277000.0,3989000.0
Haryana,Rice,2015,3.0613451589061347,1353000.0,4142000.0
Haryana,Rice,2016,3.2144146746587707,1384700.0,4451000.0
Haryana,Rice,2017,3.4315448983897054,1422100.0,4880000.0
Haryana,Rice,2018,3.1209398756046993,1447000.0,4516000.0
Haryana,Rice,2019,3.332221438193598,1558900.0,5194600.0
Haryana,Rice,2021,3605.0,,
Haryana,Rice,2022,3362.0,,
Haryana,Rice,2023,3822.0,,
Haryana,Sugarcane,1997,53.191489361702125,141000.0,7500000.0
Haryana,Sugarcane,1998,54.73398191670441,128074.0,7010000.0
Haryana,Sugarcane,1999,55.89044302686253,136696.0,7640000.0
Haryana,Sugarcane,2000,57.12088373068587,143030.0,8170000.0
Haryana,Sugarcane,2001,57.51191185229303,161184.0,9270000.0
Haryana,Sugarcane,2002,56.34622506745675,189010.0,10650000.0
Haryana,Sugarcane,2003,57.9069869022882,160257.0,9280000.0
Haryana,Sugarcane,2004,61.860164459343665,133042.0,8230000.0
Haryana,Sugarcane,2005,64.30743753047058,129223.0,8310000.0
Haryana,Sugarcane,2006,68.65960459011262,140563.0,9651000.0
Haryana,Sugarcane,2007,63.049905603248675,140365.0,8850000.0
Haryana,Sugarcane,2008,57.64176773952343,90941.0,5242000.0
Haryana,Sugarcane,2009,51.52012731934673,79171.0,4078900.0
Haryana,Sugarcane,2010,7.1464912384490695,84517.0,604000.0
Haryana,Sugarcane,2011,7.324115836951481,94892.0,695000.0
Haryana,Sugarcane,2012,74.26772027805835,100986.0,7500000.0
Haryana,Sugarcane,2013,73.53465346534654,101000.0,7427000.0
Haryana,Sugarcane,2014,74.05263157894737,95000.0,7035000.0
Haryana,Sugarcane,2015,75.18279569892474,93000.0,6992000.0
Haryana,Sugarcane,2016,80.46305418719211,101500.0,8167000.0
Haryana,Sugarcane,2017,84.49782419495213,114900.0,9708800.0
Haryana,Sugarcane,2018,78.23599632690542,108900.0,8519900.0
Haryana,Sugarcane,2019,80.27310488058151,96300.0,7730300.0
Haryana,Sugarcane,2021,81918.0,,
Haryana,Sugarcane,2022,82232.0,,
Haryana,Sugarcane,2023,83582.0,,
Haryana,Wheat,1997,3.6596985901798735,2057000.0,7528000.0
Haryana,Wheat,1998,3.9178061383690617,2185662.0,8563000.0
Haryana,Wheat,1999,4.165711574764162,2316531.0,9650000.0
Haryana,Wheat,2000,4.106117814028408,2354779.0,9669000.0
Haryana,Wheat,2001,4.103264697748922,2299876.0,9437000.0
Haryana,Wheat,2002,4.052683116172799,2267140.0,9188000.0
Haryana,Wheat,2003,3.9360897190062087,2315496.0,9114000.0
Haryana,Wheat,2004,3.903440881194333,2316674.0,9043000.0
Haryana,Wheat,2005,3.6922162938694965,2302682.0,8502000.0
Haryana,Wheat,2006,4.231685518329942,2377067.0,10059000.0
Haryana,Wheat,2007,4.158200172310093,2460680.0,10232000.0
Haryana,Wheat,2008,4.615222107563927,2461420.0,11360000.0
Haryana,Wheat,2009,4.215847534886862,2487756.0,10488000.0
Haryana,Wheat,2010,4.623870240894135,2503963.0,11578000.0
Haryana,Wheat,2011,5.182708345349547,2531302.0,13119000.0
Haryana,Wheat,2012,4.452311962209215,2496905.0,11117000.0
Haryana,Wheat,2013,4.721888755502201,2499000.0,11800000.0
Haryana,Wheat,2014,3.9790715372907153,2628000.0,10457000.0
Haryana,Wheat,2015,4.406055900621118,2576000.0,11350000.0
Haryana,Wheat,2016,4.842453089964989,2542100.0,12310000.0
Haryana,Wheat,2017,4.8469077257459,2530500.0,12265100.0
Haryana,Wheat,2018,4.924601464885825,2553100.0,12573000.0
Haryana,Wheat,2019,4.687386534059516,2533800.0,11876900.0
Haryana,Wheat,2021,4533.0,,
Haryana,Wheat,2022,4704.0,,
Haryana,Wheat,2023,4723.0,,
Himachal Pradesh,Bajra,1998,0.5671641791044776,469.0,266.0
Himachal Pradesh,Bajra,2000,0.35344827586206895,116.0,41.0
Himachal Pradesh,Bajra,2001,0.5181818181818182,110.0,57.0
Himachal Pradesh,Bajra,2002,0.5588235294117647,102.0,57.0
Himachal Pradesh,Bajra,2003,0.5544871794871795,312.0,173.0
Himachal Pradesh,Bajra,2004,0.5338078291814946,281.0,150.0
Himachal Pradesh,Bajra,2005,0.47368421052631576,304.0,144.0
Himachal Pradesh,Bajra,2006,0.5027777777777778,360.0,181.0
Himachal Pradesh,Bajra,2008,0.5566502463054187,203.0,113.0
Himachal Pradesh,Bajra,2009,0.49765258215962443,213.0,106.0
Himachal Pradesh,Bajra,2010,0.5323383084577115,201.0,107.0
Himachal Pradesh,Bajra,2011,0.547085201793722,223.0,122.0
Himachal Pradesh,Bajra,2012,0.5075975359342916,2435.0,1236.0
Himachal Pradesh,Bajra,2013,0.5471956224350205,731.0,400.0
Himachal Pradesh,Bajra,2014,0.5205479452054794,657.0,342.0
Himachal Pradesh,Bajra,2015,0.5822784810126582,79.0,46.0
Himachal Pradesh,Bajra,2016,0.49044585987261147,157.0,77.0
Himachal Pradesh,Bajra,2017,0.7341772151898734,79.0,58.0
Himachal Pradesh,Bajra,2018,0.7386363636363636,88.0,65.0
Himachal Pradesh,Bajra,2019,1.0186915887850467,107.0,109.0
Himachal Pradesh,Gram,1998,0.8663522012578616,1908.0,1653.0
Himachal Pradesh,Gram,1999,0.9426374926079243,1691.0,1594.0
Himachal Pradesh,Gram,2000,0.6108339272986457,1403.0,857.0
Himachal Pradesh,Gram,2001,0.8776223776223776,1144.0,1004.0
Himachal Pradesh,Gram,2002,0.7490747594374537,1351.0,1012.0
Himachal Pradesh,Gram,2005,0.5343796711509716,1338.0,715.0
Himachal Pradesh,Gram,2006,0.766566265060241,1328.0,1018.0
Himachal Pradesh,Gram,2007,0.9449035812672176,1452.0,1372.0
Himachal Pradesh,Gram,2008,0.3983516483516483,728.0,290.0
Himachal Pradesh,Gram,2009,0.5099337748344371,604.0,308.0
Himachal Pradesh,Gram,2010,0.9124797406807131,617.0,563.0
Himachal Pradesh,Gram,2011,1.0032679738562091,612.0,614.0
Himachal Pradesh,Gram,2012,0.9377777777777778,450.0,422.0
Himachal Pradesh,Gram,2013,0.9431578947368421,475.0,448.0
Himachal Pradesh,Gram,2014,0.8947368421052632,399.0,357.0
Himachal Pradesh,Gram,2015,0.9888268156424581,358.0,354.0
Himachal Pradesh,Gram,2016,0.43683083511777304,467.0,204.0
Himachal Pradesh,Gram,2017,1.041899441340782,358.0,373.0
Himachal Pradesh,Gram,2018,1.0390625,384.0,399.0
Himachal Pradesh,Gram,2019,1.0685279187817258,394.0,421.0
Himachal Pradesh,Lentil,1998,0.4434931506849315,1168.0,518.0
Himachal Pradesh,Lentil,1999,0.41470311027332707,1061.0,440.0
Himachal Pradesh,Lentil,2000,0.27794561933534745,993.0,276.0
Himachal Pradesh,Lentil,2001,0.37017310252996005,751.0,278.0
Himachal Pradesh,Lentil,2002,0.411697247706422,872.0,359.0
Himachal Pradesh,Lentil,2005,0.1910569105691057,738.0,141.0
Himachal Pradesh,Lentil,2006,0.546079779917469,727.0,397.0
Himachal Pradesh,Lentil,2007,0.5799011532125206,607.0,352.0
Himachal Pradesh,Lentil,2008,0.32526475037821484,661.0,215.0
Himachal Pradesh,Lentil,2009,0.38920454545454547,704.0,274.0
Himachal Pradesh,Lentil,2010,0.6236363636363637,550.0,343.0
Himachal Pradesh,Lentil,2011,0.919732441471572,598.0,550.0
Himachal Pradesh,Lentil,2012,0.7105263157894737,608.0,432.0
Himachal Pradesh,Lentil,2013,0.6824196597353497,529.0,361.0
Himachal Pradesh,Lentil,2014,0.6289308176100629,477.0,300.0
Himachal Pradesh,Lentil,2015,0.671201814058957,441.0,296.0
Himachal Pradesh,Lentil,2016,0.30864197530864196,486.0,150.0
Himachal Pradesh,Lentil,2017,0.8752834467120182,441.0,386.0
Himachal Pradesh,Lentil,2018,0.8801652892561983,484.0,426.0
Himachal Pradesh,Lentil,2019,0.926530612244898,490.0,454.0
Himachal Pradesh,Maize,1998,2.2004146510020735,300976.0,662272.0
Himachal Pradesh,Maize,1999,2.272125265916654,299906.0,681424.0
Himachal Pradesh,Maize,2000,2.293700428113215,298052.0,683642.0
Himachal Pradesh,Maize,2001,2.2179486328423206,301282.0,668228.0
Himachal Pradesh,Maize,2002,1.6121794123435211,299801.0,483333.0
Himachal Pradesh,Maize,2003,2.4443941876321333,298467.0,729571.0
Himachal Pradesh,Maize,2004,2.136024734211295,297887.0,636294.0
Himachal Pradesh,Maize,2005,1.8386970079667921,295351.0,543061.0
Himachal Pradesh,Maize,2006,2.3253844841942635,299037.0,695376.0
Himachal Pradesh,Maize,2007,2.274246210228219,300150.0,682615.0
Himachal Pradesh,Maize,2008,2.272768190032178,297718.0,676644.0
Himachal Pradesh,Maize,2009,1.8271048487417254,290199.0,530224.0
Himachal Pradesh,Maize,2010,2.2776428652578957,281664.0,641530.0
Himachal Pradesh,Maize,2011,2.1110077487329497,290241.0,612701.0
Himachal Pradesh,Maize,2012,2.19254057462143,275973.0,605082.0
Himachal Pradesh,Maize,2013,2.035484312919578,291960.0,594280.0
Himachal Pradesh,Maize,2014,1.7417290217286068,289204.0,503715.0
Himachal Pradesh,Maize,2015,2.523145460825965,280811.0,708527.0
Himachal Pradesh,Maize,2016,1.8410137283649726,262595.0,483441.0
Himachal Pradesh,Maize,2017,2.5323580628963964,280811.0,711114.0
Himachal Pradesh,Maize,2018,2.5299986052025942,286780.0,725553.0
Himachal Pradesh,Maize,2019,2.590428048593813,287444.0,744603.0
Himachal Pradesh,Maize,2021,2970.0,,
Himachal Pradesh,Maize,2022,2654.0,,
Himachal Pradesh,Maize,2023,2403.0,,
Himachal Pradesh,Rapeseed and Mustard,1998,0.5433608188797271,10551.0,5733.0
Himachal Pradesh,Rapeseed and Mustard,1999,0.5180070403466017,11079.0,5739.0
Himachal Pradesh,Rapeseed and Mustard,2000,0.37549039851331817,9686.0,3637.0
Himachal Pradesh,Rapeseed and Mustard,2001,0.5277751034947531,10387.0,5482.0
Himachal Pradesh,Rapeseed and Mustard,2002,0.46785350966429295,9830.0,4599.0
Himachal Pradesh,Rapeseed and Mustard,2005,0.29075804776739356,9630.0,2800.0
Himachal Pradesh,Rapeseed and Mustard,2006,0.5070327444581973,8887.0,4506.0
Himachal Pradesh,Rapeseed and Mustard,2007,0.4087691253710893,8758.0,3580.0
Himachal Pradesh,Rapeseed and Mustard,2008,0.26713947990543735,8883.0,2373.0
Himachal Pradesh,Rapeseed and Mustard,2009,0.2712555322618216,8586.0,2329.0
Himachal Pradesh,Rapeseed and Mustard,2010,0.49743110695936477,8564.0,4260.0
Himachal Pradesh,Rapeseed and Mustard,2011,0.5611684603558094,9106.0,5110.0
Himachal Pradesh,Rapeseed and Mustard,2012,0.4437115707098938,8945.0,3969.0
Himachal Pradesh,Rapeseed and Mustard,2013,0.4971036765575127,8459.0,4205.0
Himachal Pradesh,Rapeseed and Mustard,2014,0.5475307210758174,8626.0,4723.0
Himachal Pradesh,Rapeseed and Mustard,2015,0.5290655777083834,8326.0,4405.0
Himachal Pradesh,Rapeseed and Mustard,2016,0.2373404404544817,7129.0,1692.0
Himachal Pradesh,Rapeseed and Mustard,2017,0.5455200576507326,8326.0,4542.0
Himachal Pradesh,Rapeseed and Mustard,2018,0.5499824211883276,8533.0,4693.0
Himachal Pradesh,Rapeseed and Mustard,2019,0.5707147007553748,8605.0,4911.0
Himachal Pradesh,Rice,1998,1.42462100456621,82125.0,116997.0
Himachal Pradesh,Rice,1999,1.500398893071726,80222.0,120365.0
Himachal Pradesh,Rice,2000,1.5320722776285283,81519.0,124893.0
Himachal Pradesh,Rice,2001,1.7053822956353393,80579.0,137418.0
Himachal Pradesh,Rice,2002,1.028580692421313,83273.0,85653.0
Himachal Pradesh,Rice,2003,1.4830515768119505,81335.0,120624.0
Himachal Pradesh,Rice,2004,1.3723638375734102,79519.0,109129.0
Himachal Pradesh,Rice,2005,1.4129350099538844,79366.0,112139.0
Himachal Pradesh,Rice,2006,1.5590359316213418,79206.0,123485.0
Himachal Pradesh,Rice,2007,1.5457738860393784,78571.0,121453.0
Himachal Pradesh,Rice,2008,1.522050212974044,77709.0,118277.0
Himachal Pradesh,Rice,2009,1.3885359514871498,76186.0,105787.0
Himachal Pradesh,Rice,2010,1.4615384615384615,75426.0,110238.0
Himachal Pradesh,Rice,2011,1.4478099223112082,75043.0,108648.0
Himachal Pradesh,Rice,2012,1.475882196869196,75380.0,111252.0
Himachal Pradesh,Rice,2013,1.4615868414935944,73139.0,106899.0
Himachal Pradesh,Rice,2014,1.6076954959933683,72380.0,116365.0
Himachal Pradesh,Rice,2015,1.6012232245091742,71614.0,114670.0
Himachal Pradesh,Rice,2016,1.4615341189753723,70855.0,103557.0
Himachal Pradesh,Rice,2017,1.6028514375881473,71613.0,114785.0
Himachal Pradesh,Rice,2018,1.6,71810.0,114896.0
Himachal Pradesh,Rice,2019,1.6094602038006058,72620.0,116879.0
Himachal Pradesh,Sugarcane,1999,5.148086522462562,3005.0,15470.0
Himachal Pradesh,Sugarcane,2000,2.7880724174653886,2817.0,7854.0
Himachal Pradesh,Sugarcane,2001,4.257685009487666,2635.0,11219.0
Himachal Pradesh,Sugarcane,2002,1.5888585099111414,2926.0,4649.0
Himachal Pradesh,Sugarcane,2005,9.692545384318269,2589.0,25094.0
Himachal Pradesh,Sugarcane,2006,19.60384233189798,3019.0,59184.0
Himachal Pradesh,Sugarcane,2007,21.669262143121987,2697.0,58442.0
Himachal Pradesh,Sugarcane,2008,22.69803250641574,2338.0,53068.0
Himachal Pradesh,Sugarcane,2009,20.85969868173258,2124.0,44306.0
Himachal Pradesh,Sugarcane,2010,22.792997542997544,1628.0,37107.0
Himachal Pradesh,Sugarcane,2011,14.118454499237417,1967.0,27771.0
Himachal Pradesh,Sugarcane,2012,20.73148148148148,1836.0,38063.0
Himachal Pradesh,Sugarcane,2013,2.4126984126984126,1449.0,3496.0
Himachal Pradesh,Sugarcane,2014,22.925625,1600.0,36681.0
Himachal Pradesh,Sugarcane,2015,20.019210245464247,1874.0,37516.0
Himachal Pradesh,Sugarcane,2016,24.57706093189964,1953.0,47999.0
Himachal Pradesh,Sugarcane,2017,19.599786552828174,1874.0,36730.0
Himachal Pradesh,Sugarcane,2018,24.314195583596213,1585.0,38538.0
Himachal Pradesh,Sugarcane,2019,22.547099189020585,1603.0,36143.0
Himachal Pradesh,Wheat,1998,1.2674326737210246,379718.0,481267.0
Himachal Pradesh,Wheat,1999,1.5739893736153723,370587.0,583300.0
Himachal Pradesh,Wheat,2000,0.7205619588595379,362660.0,261319.0
Himachal Pradesh,Wheat,2001,1.7381629278780306,366518.0,637068.0
Himachal Pradesh,Wheat,2002,1.3786984717851987,359439.0,495558.0
Himachal Pradesh,Wheat,2003,1.360114298539245,365359.0,496930.0
Himachal Pradesh,Wheat,2004,1.8692443646844494,367770.0,687452.0
Himachal Pradesh,Wheat,2005,1.0207335410779097,358453.0,365885.0
Himachal Pradesh,Wheat,2006,1.6466562685475299,362245.0,596493.0
Himachal Pradesh,Wheat,2007,1.375807437150838,366592.0,504360.0
Himachal Pradesh,Wheat,2008,1.0589480527057098,359961.0,381180.0
Himachal Pradesh,Wheat,2009,0.9250485104440133,350440.0,324174.0
Himachal Pradesh,Wheat,2010,1.5412266239306385,346936.0,534707.0
Himachal Pradesh,Wheat,2011,1.468158826358269,345182.0,506782.0
Himachal Pradesh,Wheat,2012,1.875188863278695,350121.0,656543.0
Himachal Pradesh,Wheat,2013,0.7801546918792778,415665.0,324283.0
Himachal Pradesh,Wheat,2014,1.849841411323463,345548.0,639209.0
Himachal Pradesh,Wheat,2015,1.7576041438680965,342675.0,602287.0
Himachal Pradesh,Wheat,2016,1.0165475131171182,325910.0,331303.0
Himachal Pradesh,Wheat,2017,1.7613978259283578,342675.0,603587.0
Himachal Pradesh,Wheat,2018,1.7700014419972288,319002.0,564634.0
Himachal Pradesh,Wheat,2019,1.9420021435421093,319098.0,619689.0
Jammu And Kashmir,Bajra,1999,0.47892490828778916,13357.0,6397.0
Jammu And Kashmir,Bajra,2000,0.4638680659670165,13340.0,6188.0
Jammu And Kashmir,Bajra,2001,0.5936187458551323,13571.0,8056.0
Jammu And Kashmir,Bajra,2002,0.5955223880597015,13400.0,7980.0
Jammu And Kashmir,Bajra,2003,0.5976281744130331,16696.0,9978.0
Jammu And Kashmir,Bajra,2004,0.5958242443128701,16045.0,9560.0
Jammu And Kashmir,Bajra,2005,0.597939729397294,13008.0,7778.0
Jammu And Kashmir,Bajra,2006,0.5910950661853189,20775.0,12280.0
Jammu And Kashmir,Bajra,2007,0.5937202664129401,16816.0,9984.0
Jammu And Kashmir,Bajra,2009,0.5969428801287209,17402.0,10388.0
Jammu And Kashmir,Bajra,2010,0.5972558027079303,16544.0,9881.0
Jammu And Kashmir,Bajra,2011,0.5913558068265877,18926.0,11192.0
Jammu And Kashmir,Bajra,2012,0.5984747671204832,19538.0,11693.0
Jammu And Kashmir,Bajra,2014,0.5947331771855415,15797.0,9395.0
Jammu And Kashmir,Bajra,2015,0.5901585204755614,9084.0,5361.0
Jammu And Kashmir,Bajra,2016,0.5919676977431683,13869.0,8210.0
Jammu And Kashmir,Bajra,2017,0.5901704320253667,12615.0,7445.0
Jammu And Kashmir,Bajra,2018,0.557640200344856,24358.0,13583.0
Jammu And Kashmir,Bajra,2019,0.5948460987831067,9779.0,5817.0
Jammu And Kashmir,Gram,1999,0.2708803611738149,443.0,120.0
Jammu And Kashmir,Gram,2000,0.26884422110552764,398.0,107.0
Jammu And Kashmir,Gram,2001,0.5730337078651685,178.0,102.0
Jammu And Kashmir,Gram,2002,0.5877192982456141,228.0,134.0
Jammu And Kashmir,Gram,2003,0.6048951048951049,286.0,173.0
Jammu And Kashmir,Gram,2004,0.6,270.0,162.0
Jammu And Kashmir,Gram,2005,0.5233463035019456,514.0,269.0
Jammu And Kashmir,Gram,2008,0.545774647887324,284.0,155.0
Jammu And Kashmir,Gram,2010,0.5515151515151515,165.0,91.0
Jammu And Kashmir,Gram,2011,0.5533980582524272,103.0,57.0
Jammu And Kashmir,Gram,2012,0.5542168674698795,166.0,92.0
Jammu And Kashmir,Gram,2013,0.5542168674698795,166.0,92.0
Jammu And Kashmir,Gram,2017,0.21739130434782608,23.0,5.0
Jammu And Kashmir,Gram,2019,0.3333333333333333,9.0,3.0
Jammu And Kashmir,Lentil,2001,0.47058823529411764,51.0,24.0
Jammu And Kashmir,Lentil,2002,0.47668393782383417,193.0,92.0
Jammu And Kashmir,Lentil,2003,0.46551724137931033,174.0,81.0
Jammu And Kashmir,Lentil,2006,0.43410852713178294,129.0,56.0
Jammu And Kashmir,Lentil,2007,0.43410852713178294,129.0,56.0
Jammu And Kashmir,Lentil,2008,0.4691358024691358,81.0,38.0
Jammu And Kashmir,Lentil,2009,0.5537117903930131,1145.0,634.0
Jammu And Kashmir,Lentil,2010,0.5618892508143323,614.0,345.0
Jammu And Kashmir,Lentil,2011,0.5532608695652174,920.0,509.0
Jammu And Kashmir,Lentil,2012,0.5896907216494846,485.0,286.0
Jammu And Kashmir,Lentil,2014,0.5,16.0,8.0
Jammu And Kashmir,Lentil,2015,0.6,5.0,3.0
Jammu And Kashmir,Lentil,2016,0.5,6.0,3.0
Jammu And Kashmir,Lentil,2017,0.56,225.0,126.0
Jammu And Kashmir,Lentil,2018,0.7202970297029703,404.0,291.0
Jammu And Kashmir,Lentil,2019,0.7176781002638523,379.0,272.0
Jammu And Kashmir,Maize,1997,1.4182184294413012,310883.0,440900.0
Jammu And Kashmir,Maize,1999,1.4849491371594963,317324.0,471210.0
Jammu And Kashmir,Maize,2000,1.5923296831088283,330208.0,525800.0
Jammu And Kashmir,Maize,2001,1.6481150222374692,326476.0,538070.0
Jammu And Kashmir,Maize,2002,1.4116522240602187,329465.0,465090.0
Jammu And Kashmir,Maize,2003,1.6582759683550807,321189.0,532620.0
Jammu And Kashmir,Maize,2004,1.5254773023777577,322699.0,492270.0
Jammu And Kashmir,Maize,2005,1.412951352968304,320924.0,453450.0
Jammu And Kashmir,Maize,2006,1.5046446516974765,323598.0,486900.0
Jammu And Kashmir,Maize,2007,1.5688481389758664,302441.0,474484.0
Jammu And Kashmir,Maize,2009,1.5657670518484224,311022.0,486988.0
Jammu And Kashmir,Maize,2010,1.7120840971399836,308215.0,527690.0
Jammu And Kashmir,Maize,2011,1.608090206792895,314034.0,504995.0
Jammu And Kashmir,Maize,2012,1.6477361543088171,310909.0,512296.0
Jammu And Kashmir,Maize,2014,1.209965848280313,297496.0,359960.0
Jammu And Kashmir,Maize,2015,1.7818436115402678,293858.0,523609.0
Jammu And Kashmir,Maize,2016,1.83322379342354,295174.0,541120.0
Jammu And Kashmir,Maize,2017,1.8054218619841595,302516.0,546169.0
Jammu And Kashmir,Maize,2018,2.1893403162914087,262353.0,574380.0
Jammu And Kashmir,Maize,2019,2.0153088000476425,268669.0,541451.0
Jammu And Kashmir,Maize,2021,1986.0,,
Jammu And Kashmir,Maize,2022,1979.0,,
Jammu And Kashmir,Maize,2023,2041.0,,
Jammu And Kashmir,Rapeseed and Mustard,1999,0.7332256985352941,68751.0,50410.0
Jammu And Kashmir,Rapeseed and Mustard,2000,0.3776064111287518,66135.0,24973.0
Jammu And Kashmir,Rapeseed and Mustard,2001,0.5485635158195094,71494.0,39219.0
Jammu And Kashmir,Rapeseed and Mustard,2002,0.3978345925526174,59296.0,23590.0
Jammu And Kashmir,Rapeseed and Mustard,2003,0.6951651779384659,56424.0,39224.0
Jammu And Kashmir,Rapeseed and Mustard,2005,0.39993794601303134,3223.0,1289.0
Jammu And Kashmir,Rapeseed and Mustard,2006,0.6631731919986322,58490.0,38789.0
Jammu And Kashmir,Rapeseed and Mustard,2007,0.6632073858779278,58490.0,38791.0
Jammu And Kashmir,Rapeseed and Mustard,2008,0.8923052469844409,56623.0,50525.0
Jammu And Kashmir,Rapeseed and Mustard,2009,0.7876273605257045,60262.0,47464.0
Jammu And Kashmir,Rapeseed and Mustard,2010,0.8498462675784203,59519.0,50582.0
Jammu And Kashmir,Rapeseed and Mustard,2011,0.8504905673078541,59421.0,50537.0
Jammu And Kashmir,Rapeseed and Mustard,2012,0.8174604500425987,59861.0,48934.0
Jammu And Kashmir,Rapeseed and Mustard,2013,0.767861611089796,59947.0,46031.0
Jammu And Kashmir,Rapeseed and Mustard,2014,1.7619047619047619,21.0,37.0
Jammu And Kashmir,Rapeseed and Mustard,2015,0.6132347709214532,50594.0,31026.0
Jammu And Kashmir,Rapeseed and Mustard,2016,0.5256138287370565,47611.0,25025.0
Jammu And Kashmir,Rapeseed and Mustard,2017,0.7930001476762094,47401.0,37589.0
Jammu And Kashmir,Rapeseed and Mustard,2018,1.151211768441105,47245.0,54389.0
Jammu And Kashmir,Rapeseed and Mustard,2019,0.8197788616450752,45311.0,37145.0
Jammu And Kashmir,Rice,1997,0.019902373923828452,275746.0,5488.0
Jammu And Kashmir,Rice,1999,1.5622104738154614,250625.0,391529.0
Jammu And Kashmir,Rice,2000,1.7018655936668976,244051.0,415342.0
Jammu And Kashmir,Rice,2001,1.6903414321738783,249830.0,422298.0
Jammu And Kashmir,Rice,2002,1.7843301622784178,236199.0,421457.0
Jammu And Kashmir,Rice,2003,1.9429093778265305,259815.0,504797.0
Jammu And Kashmir,Rice,2004,1.9705811777127225,250044.0,492732.0
Jammu And Kashmir,Rice,2005,2.1495903696325294,259014.0,556774.0
Jammu And Kashmir,Rice,2006,2.194942102678642,252516.0,554258.0
Jammu And Kashmir,Rice,2007,2.132435060741664,263246.0,561355.0
Jammu And Kashmir,Rice,2009,1.927262093484986,259892.0,500880.0
Jammu And Kashmir,Rice,2010,1.941495406490222,261347.0,507404.0
Jammu And Kashmir,Rice,2011,2.0765079013918504,262169.0,544396.0
Jammu And Kashmir,Rice,2012,2.083542571934129,261663.0,545186.0
Jammu And Kashmir,Rice,2014,1.2499882187043474,275861.0,344823.0
Jammu And Kashmir,Rice,2015,2.1226785942995634,304503.0,646362.0
Jammu And Kashmir,Rice,2016,2.0187939021249424,283443.0,572213.0
Jammu And Kashmir,Rice,2017,2.4261647330599234,273582.0,663755.0
Jammu And Kashmir,Rice,2018,2.350270216631299,262012.0,615799.0
Jammu And Kashmir,Rice,2019,2.0929475639275186,280513.0,587099.0
Jammu And Kashmir,Sugarcane,1999,1.0,143.0,143.0
Jammu And Kashmir,Sugarcane,2000,3.3095238095238093,126.0,417.0
Jammu And Kashmir,Sugarcane,2001,3.303030303030303,132.0,436.0
Jammu And Kashmir,Sugarcane,2002,4.05982905982906,117.0,475.0
Jammu And Kashmir,Sugarcane,2003,3.6818181818181817,154.0,567.0
Jammu And Kashmir,Sugarcane,2005,3.9424083769633507,191.0,753.0
Jammu And Kashmir,Sugarcane,2006,4.886792452830188,159.0,777.0
Jammu And Kashmir,Sugarcane,2007,3.2028985507246377,69.0,221.0
Jammu And Kashmir,Sugarcane,2009,2.0,1.0,2.0
Jammu And Kashmir,Sugarcane,2010,1.5,18.0,27.0
Jammu And Kashmir,Sugarcane,2011,1.5263157894736843,19.0,29.0
Jammu And Kashmir,Sugarcane,2012,1.5,22.0,33.0
Jammu And Kashmir,Sugarcane,2014,1.500383141762452,1305.0,1958.0
Jammu And Kashmir,Sugarcane,2015,1.5025906735751295,193.0,290.0
Jammu And Kashmir,Sugarcane,2016,1.511111111111111,45.0,68.0
Jammu And Kashmir,Sugarcane,2019,2.2432432432432434,37.0,83.0
Jammu And Kashmir,Wheat,1997,1.6384785079216526,239344.0,392160.0
Jammu And Kashmir,Wheat,2000,0.5240322959377202,276815.0,145060.0
Jammu And Kashmir,Wheat,2001,1.3282638133331246,255514.0,339390.0
Jammu And Kashmir,Wheat,2002,1.6460719946591742,244157.0,401900.0
Jammu And Kashmir,Wheat,2003,1.8201069193949224,250282.0,455540.0
Jammu And Kashmir,Wheat,2004,1.9082469541013543,248613.0,474415.0
Jammu And Kashmir,Wheat,2005,0.13761467889908258,872.0,120.0
Jammu And Kashmir,Wheat,2006,1.8896415682916385,261584.0,494300.0
Jammu And Kashmir,Wheat,2007,1.8895047476338283,261604.0,494302.0
Jammu And Kashmir,Wheat,2008,1.795987183510813,274022.0,492140.0
Jammu And Kashmir,Wheat,2009,1.0052662272874187,284644.0,286143.0
Jammu And Kashmir,Wheat,2010,1.5437290996139859,286777.0,442706.0
Jammu And Kashmir,Wheat,2011,1.700521243587197,291994.0,496542.0
Jammu And Kashmir,Wheat,2012,1.5947565904733,289964.0,462422.0
Jammu And Kashmir,Wheat,2013,1.5889493125384773,292380.0,464577.0
Jammu And Kashmir,Wheat,2015,1.9331216518253096,281870.0,544889.0
Jammu And Kashmir,Wheat,2016,1.8895629019534896,290301.0,548542.0
Jammu And Kashmir,Wheat,2017,2.138720367747281,299336.0,640196.0
Jammu And Kashmir,Wheat,2018,2.329505144129243,288387.0,671799.0
Jammu And Kashmir,Wheat,2019,2.001799704012233,243929.0,488297.0
Jharkhand,Bajra,2017,0.5765472312703583,614.0,354.0
Jharkhand,Bajra,2018,0.5769230769230769,130.0,75.0
Jharkhand,Bajra,2019,0.7152777777777778,288.0,206.0
Jharkhand,Gram,2002,0.8526466204440287,9748.47,8312.0
Jharkhand,Gram,2003,0.848685039666227,15155.210000000001,12862.0
Jharkhand,Gram,2004,0.7825347771166175,17622.22,13790.0
Jharkhand,Gram,2005,0.6675357523968262,14375.26,9596.0
Jharkhand,Gram,2006,0.7342928468136471,14224.57,10445.0
Jharkhand,Gram,2007,0.8016892330812163,14932.22,11971.0
Jharkhand,Gram,2008,0.7277277905965924,17036.59,12398.0
Jharkhand,Gram,2009,0.7324651285780392,15127.0,11080.0
Jharkhand,Gram,2010,0.6651135701805475,15453.0,10278.0
Jharkhand,Gram,2011,0.9278894114293857,14034.0,13022.0
Jharkhand,Gram,2012,1.0168691603686342,31359.0,31888.0
Jharkhand,Gram,2013,1.0314299992109623,38021.0,39216.0
Jharkhand,Gram,2014,0.7969579825860761,27679.0,22059.0
Jharkhand,Gram,2015,0.8417996294555208,36163.0,30442.0
Jharkhand,Gram,2016,1.1203173627386944,52054.0,58317.0
Jharkhand,Gram,2017,1.228262364408382,232684.0,285797.0
Jharkhand,Gram,2018,1.166054209086164,189673.0,221169.0
Jharkhand,Gram,2019,1.1974721066791845,230073.0,275506.0
Jharkhand,Gram,2021,1186.0,,
Jharkhand,Gram,2022,1172.0,,
Jharkhand,Gram,2023,1167.0,,
Jharkhand,Lentil,2002,0.7797200736165781,3053.66,2381.0
Jharkhand,Lentil,2003,1.2412759647735576,6993.61,8681.0
Jharkhand,Lentil,2004,0.6014741503573923,2691.7200000000003,1619.0
Jharkhand,Lentil,2005,0.4773817042491558,2834.21,1353.0
Jharkhand,Lentil,2006,0.6008815156150444,4190.51,2518.0
Jharkhand,Lentil,2007,0.6607775209091792,4425.09,2924.0
Jharkhand,Lentil,2009,1.10840108401084,5904.0,6544.0
Jharkhand,Lentil,2010,0.7893401015228426,1576.0,1244.0
Jharkhand,Lentil,2011,0.9884245634687071,5097.0,5038.0
Jharkhand,Lentil,2012,0.9728820269200317,10104.0,9830.0
Jharkhand,Lentil,2013,0.8282666163141994,10592.0,8773.0
Jharkhand,Lentil,2014,0.7424984690753215,6532.0,4850.0
Jharkhand,Lentil,2015,0.717586795674445,8785.0,6304.0
Jharkhand,Lentil,2017,0.9002736175115207,69440.0,62515.0
Jharkhand,Lentil,2018,0.874698753099787,57262.0,50087.0
Jharkhand,Lentil,2019,0.8491792230298946,62319.0,52920.0
Jharkhand,Maize,2002,1.1836509938702138,62780.33,74310.0
Jharkhand,Maize,2003,1.5221352017163157,89591.91,136371.0
Jharkhand,Maize,2004,1.4514079522013905,92036.15,133582.0
Jharkhand,Maize,2005,1.0355248844348344,74754.36,77410.0
Jharkhand,Maize,2006,1.532488966856058,75712.78,116029.0
Jharkhand,Maize,2007,1.2295861075151213,76327.31,93851.0
Jharkhand,Maize,2008,1.0591190735104754,72914.37,77225.0
Jharkhand,Maize,2009,0.894769057702488,60448.0,54087.0
Jharkhand,Maize,2011,1.3975216514234579,65931.0,92140.0
Jharkhand,Maize,2012,1.2658752631185288,93589.0,118472.0
Jharkhand,Maize,2013,1.5886039089617257,85854.0,136388.0
Jharkhand,Maize,2014,2.1661785137621568,106524.0,230750.0
Jharkhand,Maize,2015,0.9695134789162968,118741.0,115121.0
Jharkhand,Maize,2016,2.1715848660094808,124673.0,270738.0
Jharkhand,Maize,2017,2.024893280578762,294698.0,596732.0
Jharkhand,Maize,2018,1.7439110801297641,261089.0,455316.0
Jharkhand,Maize,2019,1.9898197226322287,256771.0,510928.0
Jharkhand,Maize,2021,2231.0,,
Jharkhand,Maize,2022,1910.0,,
Jharkhand,Maize,2023,2098.0,,
Jharkhand,Rapeseed and Mustard,2002,0.7656759502927084,4704.34,3602.0
Jharkhand,Rapeseed and Mustard,2003,0.7927765974832489,6119.0,4851.0
Jharkhand,Rapeseed and Mustard,2004,0.9879512059710617,6412.26,6335.0
Jharkhand,Rapeseed and Mustard,2005,0.6775721611012134,5989.03,4058.0
Jharkhand,Rapeseed and Mustard,2006,0.6658757732395559,17701.5,11787.0
Jharkhand,Rapeseed and Mustard,2007,0.8459302729839102,7190.9,6083.0
Jharkhand,Rapeseed and Mustard,2008,0.6334406205195959,10308.78,6530.0
Jharkhand,Rapeseed and Mustard,2009,0.7375530683133925,10364.0,7644.0
Jharkhand,Rapeseed and Mustard,2010,0.7457756563245823,10475.0,7812.0
Jharkhand,Rapeseed and Mustard,2011,0.8661501469409565,7486.0,6484.0
Jharkhand,Rapeseed and Mustard,2012,0.8895990976171453,21277.0,18928.0
Jharkhand,Rapeseed and Mustard,2013,1.0118665407617249,31770.0,32147.0
Jharkhand,Rapeseed and Mustard,2014,0.8934160023619723,27096.0,24208.0
Jharkhand,Rapeseed and Mustard,2015,0.8520333961755993,37130.0,31636.0
Jharkhand,Rapeseed and Mustard,2016,0.9351882058691026,64371.0,60199.0
Jharkhand,Rapeseed and Mustard,2017,0.7151338327132063,305045.0,218148.0
Jharkhand,Rapeseed and Mustard,2018,0.6951273574748895,236853.0,164643.0
Jharkhand,Rapeseed and Mustard,2019,0.7938551492463053,291431.0,231354.0
Jharkhand,Rapeseed and Mustard,2021,819.0,,
Jharkhand,Rapeseed and Mustard,2022,834.0,,
Jharkhand,Rapeseed and Mustard,2023,801.0,,
Jharkhand,Rice,2002,1.0038447966748525,1059018.29,1063090.0
Jharkhand,Rice,2003,0.9471820455249199,2051720.69,1943353.0
Jharkhand,Rice,2004,0.8872575161495736,1134251.31,1006373.0
Jharkhand,Rice,2005,0.5561326429586951,1104098.1099999999,614025.0
Jharkhand,Rice,2006,1.2126218313312984,1179218.42,1429946.0
Jharkhand,Rice,2007,1.22751029542225,1198054.31,1470624.0
Jharkhand,Rice,2008,1.2504224702266429,1196859.49,1496580.0
Jharkhand,Rice,2009,0.602694270580612,983049.0,592478.0
Jharkhand,Rice,2011,1.40055215167177,982701.0,1376324.0
Jharkhand,Rice,2012,1.303754751065696,1091071.0,1422489.0
Jharkhand,Rice,2013,1.3782214082625897,1087141.0,1498321.0
Jharkhand,Rice,2014,1.4082701551665213,989002.0,1392782.0
Jharkhand,Rice,2015,0.6557008281368684,1162489.0,762245.0
Jharkhand,Rice,2016,2.06774148360205,1342058.0,2775029.0
Jharkhand,Rice,2017,1.971436737464497,1735411.0,3421253.0
Jharkhand,Rice,2018,1.895157694012781,1527103.0,2894101.0
Jharkhand,Rice,2019,2.660764395761737,1357726.0,3612589.0
Jharkhand,Rice,2021,2028.0,,
Jharkhand,Rice,2022,1747.0,,
Jharkhand,Rice,2023,1378.0,,
Jharkhand,Sugarcane,2003,2.8541882109617376,338.45,966.0
Jharkhand,Sugarcane,2004,25.70676096285246,542.97,13958.0
Jharkhand,Sugarcane,2005,4.116926844199571,130.68,538.0
Jharkhand,Sugarcane,2006,44.39946248447839,587.89,26102.0
Jharkhand,Sugarcane,2007,42.003247727108175,966.83,40610.0
Jharkhand,Sugarcane,2008,25.292399665437195,729.31,18446.0
Jharkhand,Sugarcane,2009,43.541387024608504,894.0,38926.0
Jharkhand,Sugarcane,2011,35.31201044386423,766.0,27049.0
Jharkhand,Sugarcane,2012,49.38181818181818,990.0,48888.0
Jharkhand,Sugarcane,2013,56.452905811623246,998.0,56340.0
Jharkhand,Sugarcane,2014,52.49789621318373,713.0,37431.0
Jharkhand,Wheat,2002,1.3699291077201488,57203.69,78365.0
Jharkhand,Wheat,2003,1.3304031710793316,60269.700000000004,80183.0
Jharkhand,Wheat,2004,1.25618291017895,57905.58,72740.0
Jharkhand,Wheat,2005,1.0186139514126131,50326.23,51263.0
Jharkhand,Wheat,2006,1.3173732683781227,124418.04,163905.0
Jharkhand,Wheat,2007,1.249577906899572,54845.72,68534.0
Jharkhand,Wheat,2008,1.3629319238788076,58602.340000000004,79871.0
Jharkhand,Wheat,2009,1.1734526756808228,52510.0,61618.0
Jharkhand,Wheat,2010,1.0910154044681022,49596.0,54110.0
Jharkhand,Wheat,2011,1.5366657626270002,47933.0,73657.0
Jharkhand,Wheat,2012,1.8543181031498788,69336.0,128571.0
Jharkhand,Wheat,2013,1.4444761788186653,73527.0,106208.0
Jharkhand,Wheat,2014,1.5924520949848722,87256.0,138951.0
Jharkhand,Wheat,2015,1.6008137750432934,71027.0,113701.0
Jharkhand,Wheat,2016,2.023512831262432,112109.0,226854.0
Jharkhand,Wheat,2017,2.1214139923878657,220963.0,468754.0
Jharkhand,Wheat,2018,1.8465946889476157,163847.0,302559.0
Jharkhand,Wheat,2019,2.0458189775584317,214780.0,439401.0
Karnataka,Bajra,1997,0.4395086912895032,301969.0,132718.0
Karnataka,Bajra,1998,0.6791085389330949,417113.0,283265.0
Karnataka,Bajra,1999,0.5961964457423697,421185.0,251109.0
Karnataka,Bajra,2000,0.7392544376905615,462121.0,341625.0
Karnataka,Bajra,2001,0.5357437769981623,209505.0,112241.0
Karnataka,Bajra,2002,0.3942169734816026,304581.0,120071.0
Karnataka,Bajra,2003,0.6006525592558315,318745.0,191455.0
Karnataka,Bajra,2004,0.5983962293850713,444702.0,266108.0
Karnataka,Bajra,2005,0.9065386507737582,430884.0,390613.0
Karnataka,Bajra,2006,0.4213201766150164,387736.0,163361.0
Karnataka,Bajra,2007,0.7754338840583066,431855.0,334875.0
Karnataka,Bajra,2008,0.6817904581187314,265608.0,181089.0
Karnataka,Bajra,2009,0.4295083364196823,305107.0,131046.0
Karnataka,Bajra,2010,0.944936891021806,309227.0,292200.0
Karnataka,Bajra,2011,0.9104994340492727,286244.0,260625.0
Karnataka,Bajra,2012,1.0383882890592284,274615.0,285157.0
Karnataka,Bajra,2013,1.1798831251715864,280471.0,330923.0
Karnataka,Bajra,2014,1.061086948170849,234289.0,248601.0
Karnataka,Bajra,2015,0.6657448266740413,166334.0,110736.0
Karnataka,Bajra,2016,1.0550000618998296,242327.0,255655.0
Karnataka,Bajra,2017,1.5860634852083784,231550.0,367253.0
Karnataka,Bajra,2018,0.9098586623325858,194428.0,176902.0
Karnataka,Bajra,2019,1.0829143949585782,338952.0,367056.0
Karnataka,Gram,1998,0.5699217057012433,355326.0,202508.0
Karnataka,Gram,1999,0.5490615429899108,319354.0,175345.0
Karnataka,Gram,2000,0.6480338211452529,369473.0,239431.0
Karnataka,Gram,2001,0.5871028532237655,479703.0,281635.0
Karnataka,Gram,2002,0.5249197062949015,479801.0,251857.0
Karnataka,Gram,2003,0.33578917206702596,509534.0,171096.0
Karnataka,Gram,2004,0.5659945992834984,408094.0,230979.0
Karnataka,Gram,2005,0.5688375572759932,418369.0,237984.0
Karnataka,Gram,2006,0.40364362359500455,784878.0,316811.0
Karnataka,Gram,2007,0.6023726757150343,604971.0,364418.0
Karnataka,Gram,2008,0.5466317997105437,726189.0,396958.0
Karnataka,Gram,2009,0.49758602798272844,227426.0,113164.0
Karnataka,Gram,2010,0.6332298761537283,959173.0,607377.0
Karnataka,Gram,2011,0.44660917492456387,802666.0,358478.0
Karnataka,Gram,2012,0.6429873115723084,969072.0,623101.0
Karnataka,Gram,2013,0.7570257493621606,945771.0,715973.0
Karnataka,Gram,2014,0.7185068593226512,939014.0,674688.0
Karnataka,Gram,2015,0.3889256148309914,1420431.0,552442.0
Karnataka,Gram,2016,0.5908376639692422,1002932.0,592570.0
Karnataka,Gram,2017,0.7713188434777867,1265207.0,975878.0
Karnataka,Gram,2018,0.48381758030209204,1188512.0,575023.0
Karnataka,Gram,2019,0.7425957780719914,908637.0,674750.0
Karnataka,Gram,2021,689.0,,
Karnataka,Gram,2022,680.0,,
Karnataka,Gram,2023,605.0,,
Karnataka,Maize,1997,2.6915480137021683,561371.0,1510957.0
Karnataka,Maize,1998,3.2618976985291823,512368.0,1671292.0
Karnataka,Maize,1999,2.6441727807489275,606387.0,1603392.0
Karnataka,Maize,2000,3.1929850266500215,668855.0,2135644.0
Karnataka,Maize,2001,2.5025851888248125,580035.0,1451587.0
Karnataka,Maize,2002,2.067515056716712,649544.0,1342942.0
Karnataka,Maize,2003,1.9572190956253346,618173.0,1209900.0
Karnataka,Maize,2004,2.9508942588452776,850369.0,2509349.0
Karnataka,Maize,2005,2.9988897840902533,935854.0,2806523.0
Karnataka,Maize,2006,2.750068711922143,960532.0,2641529.0
Karnataka,Maize,2007,2.9439610279323185,1112797.0,3276031.0
Karnataka,Maize,2008,2.7672905227173588,1068302.0,2956302.0
Karnataka,Maize,2009,2.357960687703198,1240477.0,2924996.0
Karnataka,Maize,2010,3.3694820418582814,1286436.0,4334623.0
Karnataka,Maize,2011,2.8812532236931814,1349384.0,3887917.0
Karnataka,Maize,2012,2.6300571867854488,1321634.0,3475973.0
Karnataka,Maize,2013,3.1632771019948183,1377168.0,4356364.0
Karnataka,Maize,2014,3.151319587998959,1337084.0,4213579.0
Karnataka,Maize,2015,2.7128553762995877,1220291.0,3310473.0
Karnataka,Maize,2016,2.4188284509667546,1370203.0,3314286.0
Karnataka,Maize,2017,4.292754902800901,1307008.0,5610665.0
Karnataka,Maize,2018,2.6912920690560496,1409290.0,3792811.0
Karnataka,Maize,2019,3.162982849137325,1500391.0,4745711.0
Karnataka,Maize,2021,3279.0,,
Karnataka,Maize,2022,3092.0,,
Karnataka,Maize,2023,2855.0,,
Karnataka,Rapeseed and Mustard,1998,0.2682451670912633,6673.0,1790.0
Karnataka,Rapeseed and Mustard,1999,0.2739897019815884,6409.0,1756.0
Karnataka,Rapeseed and Mustard,2000,0.26345423595652745,7637.0,2012.0
Karnataka,Rapeseed and Mustard,2001,0.26971541837746,7063.0,1905.0
Karnataka,Rapeseed and Mustard,2002,0.26557377049180325,4270.0,1134.0
Karnataka,Rapeseed and Mustard,2003,0.2820767195767196,6048.0,1706.0
Karnataka,Rapeseed and Mustard,2004,0.27788215200683175,5855.0,1627.0
Karnataka,Rapeseed and Mustard,2005,0.26710194390859177,6739.0,1800.0
Karnataka,Rapeseed and Mustard,2006,0.26388512598211866,3691.0,974.0
Karnataka,Rapeseed and Mustard,2007,0.3634066211776598,3957.0,1438.0
Karnataka,Rapeseed and Mustard,2008,0.40148698884758366,4573.0,1836.0
Karnataka,Rapeseed and Mustard,2009,0.2918295543393276,5116.0,1493.0
Karnataka,Rapeseed and Mustard,2010,0.334549244398124,3838.0,1284.0
Karnataka,Rapeseed and Mustard,2011,0.2860536944642433,4209.0,1204.0
Karnataka,Rapeseed and Mustard,2012,0.29532030895047706,2201.0,650.0
Karnataka,Rapeseed and Mustard,2013,0.2848148148148148,2700.0,769.0
Karnataka,Rapeseed and Mustard,2014,0.21878072763028517,2034.0,445.0
Karnataka,Rapeseed and Mustard,2015,0.21806853582554517,1605.0,350.0
Karnataka,Rapeseed and Mustard,2016,0.18368685764268533,4573.0,840.0
Karnataka,Rapeseed and Mustard,2017,0.16666666666666666,2340.0,390.0
Karnataka,Rapeseed and Mustard,2018,0.19798234552332913,3172.0,628.0
Karnataka,Rapeseed and Mustard,2019,0.23478260869565218,230.0,54.0
Karnataka,Rice,1997,2.3736164195105443,1353463.0,3212602.0
Karnataka,Rice,1998,2.5629367713177342,1426805.0,3656811.0
Karnataka,Rice,1999,2.563622744165386,1449796.0,3716730.0
Karnataka,Rice,2000,2.5931082088596416,1483446.0,3846736.0
Karnataka,Rice,2001,2.281152749054118,1417724.0,3234045.0
Karnataka,Rice,2002,2.0697265200474892,1154783.0,2390085.0
Karnataka,Rice,2003,2.3748965219261775,1073899.0,2550399.0
Karnataka,Rice,2004,2.8338033250801304,1308179.0,3707122.0
Karnataka,Rice,2005,2.6927667402155024,1485181.0,3999246.0
Karnataka,Rice,2006,2.6120145363250495,1395676.0,3645526.0
Karnataka,Rice,2007,2.7313925705845308,1416316.0,3868515.0
Karnataka,Rice,2008,2.662862362754766,1513987.0,4031539.0
Karnataka,Rice,2009,2.6084523282551104,1486478.0,3877407.0
Karnataka,Rice,2010,2.9069396634062477,1539066.0,4473972.0
Karnataka,Rice,2011,2.9528392420214176,1416135.0,4181619.0
Karnataka,Rice,2012,2.630650981496034,1278915.0,3364379.0
Karnataka,Rice,2013,3.024248620371856,1340035.0,4052599.0
Karnataka,Rice,2014,3.0362915414972087,1326535.0,4027747.0
Karnataka,Rice,2015,2.7211626555680177,1110045.0,3020613.0
Karnataka,Rice,2016,2.778237347311808,1034543.0,2874206.0
Karnataka,Rice,2017,2.9281879296019335,992925.0,2907471.0
Karnataka,Rice,2018,2.885963822729876,1199593.0,3461982.0
Karnataka,Rice,2019,3.163303030157349,1248054.0,3947973.0
Karnataka,Rice,2021,3089.0,,
Karnataka,Rice,2022,3223.0,,
Karnataka,Rice,2023,3282.0,,
Karnataka,Sugarcane,1997,93.89221872905584,308857.0,28999269.0
Karnataka,Sugarcane,1999,100.7127745521528,371332.0,37397876.0
Karnataka,Sugarcane,2000,102.89924989392075,417141.0,42923496.0
Karnataka,Sugarcane,2001,81.13187860916574,406950.0,33016618.0
Karnataka,Sugarcane,2002,84.88031166469393,382719.0,32485308.0
Karnataka,Sugarcane,2003,65.81480309524494,243341.0,16015440.0
Karnataka,Sugarcane,2005,88.71792903522952,221462.0,19647650.0
Karnataka,Sugarcane,2006,87.74475950118764,269440.0,23641948.0
Karnataka,Sugarcane,2007,84.75957392765497,307084.0,26028309.0
Karnataka,Sugarcane,2008,86.32586623977232,281100.0,24266201.0
Karnataka,Sugarcane,2009,95.93761756324271,336521.0,32285023.0
Karnataka,Sugarcane,2010,96.78778977925722,436798.0,42276713.0
Karnataka,Sugarcane,2011,91.49286169608604,431405.0,39470478.0
Karnataka,Sugarcane,2012,83.47742910673189,425393.0,35510714.0
Karnataka,Sugarcane,2013,90.57235573374729,420022.0,38042382.0
Karnataka,Sugarcane,2014,91.28706514903524,480222.0,43838057.0
Karnataka,Sugarcane,2015,80.77237502947156,449586.0,36314129.0
Karnataka,Sugarcane,2016,68.9461770142383,397098.0,27378389.0
Karnataka,Sugarcane,2017,93.6523775,400000.0,37460951.0
Karnataka,Sugarcane,2018,85.34075437761629,495932.0,42323211.0
Karnataka,Sugarcane,2019,84.08556494142904,428540.0,36034028.0
Karnataka,Sugarcane,2021,96000.0,,
Karnataka,Sugarcane,2022,90000.0,,
Karnataka,Sugarcane,2023,77000.0,,
Karnataka,Wheat,1997,0.4727281430246751,250698.0,118512.0
Karnataka,Wheat,1998,0.8157936805945402,268981.0,219433.0
Karnataka,Wheat,1999,0.8328887187828916,261275.0,217613.0
Karnataka,Wheat,2000,0.9383049829146484,266310.0,249880.0
Karnataka,Wheat,2001,0.7632732661256267,260486.0,198822.0
Karnataka,Wheat,2002,0.5985213992019607,246855.0,147748.0
Karnataka,Wheat,2003,0.4144503737165616,231994.0,96150.0
Karnataka,Wheat,2004,0.8524945142587947,241991.0,206296.0
Karnataka,Wheat,2005,0.896198552583654,252588.0,226369.0
Karnataka,Wheat,2006,0.8304674686634953,269494.0,223806.0
Karnataka,Wheat,2007,1.0174212487707877,275583.0,280384.0
Karnataka,Wheat,2008,0.9574869694713328,268600.0,257181.0
Karnataka,Wheat,2009,0.9310228030498153,283427.0,263877.0
Karnataka,Wheat,2010,1.1785323153618181,254755.0,300237.0
Karnataka,Wheat,2011,0.8911616520011354,225472.0,200932.0
Karnataka,Wheat,2012,0.7940152880492201,225274.0,178871.0
Karnataka,Wheat,2013,1.004601131629671,209079.0,210041.0
Karnataka,Wheat,2014,1.3161602105103358,197615.0,260093.0
Karnataka,Wheat,2015,0.7419243511871894,173856.0,128988.0
Karnataka,Wheat,2016,1.0189429512250212,168242.0,171429.0
Karnataka,Wheat,2017,1.1331812680383577,193338.0,219087.0
Karnataka,Wheat,2018,1.0354737343278844,157525.0,163113.0
Karnataka,Wheat,2019,1.1376650938927102,158319.0,180114.0
Kerala,Gram,2018,0.7903193121616537,690.8599999999999,546.0
Kerala,Gram,2019,0.7566666666666667,600.0,454.0
Kerala,Maize,2012,0.08333333333333333,180.0,15.0
Kerala,Maize,2013,1.392156862745098,51.0,71.0
Kerala,Maize,2014,1.0298507462686568,67.0,69.0
Kerala,Maize,2015,1.2542372881355932,59.0,74.0
Kerala,Maize,2016,1.0461538461538462,65.0,68.0
Kerala,Maize,2017,2.264364562694594,70.66,160.0
Kerala,Maize,2018,1.3898740486551768,104.32600000000001,145.0
Kerala,Maize,2019,1.238938053097345,113.0,140.0
Kerala,Rice,1998,2.060916368668665,352631.0,726743.0
Kerala,Rice,1999,2.2033827557222665,349774.0,770686.0
Kerala,Rice,2000,2.162374983810853,347455.0,751328.0
Kerala,Rice,2001,2.1823009728012708,322368.0,703504.0
Kerala,Rice,2002,2.2183974674820703,310521.0,688859.0
Kerala,Rice,2003,1.9838692837753185,287340.0,570045.0
Kerala,Rice,2004,2.3005683268155077,289974.0,667105.0
Kerala,Rice,2005,2.2846972894952526,275742.0,629987.0
Kerala,Rice,2006,2.434551795058608,263529.0,641575.0
Kerala,Rice,2007,2.3084328508155045,228938.0,528488.0
Kerala,Rice,2008,2.519544106033765,234265.0,590241.0
Kerala,Rice,2009,2.5568622256028513,234013.0,598339.0
Kerala,Rice,2010,2.4520220558055974,213186.5,522738.0
Kerala,Rice,2011,2.7334440367767563,208159.74,568993.0
Kerala,Rice,2012,2.576575069572226,197277.0,508299.0
Kerala,Rice,2013,2.827123755704846,199611.0,564325.0
Kerala,Rice,2014,2.836570632673762,198159.0,562092.0
Kerala,Rice,2015,2.7900391121044343,196870.0,549275.0
Kerala,Rice,2016,2.546604977887723,171398.0,436483.0
Kerala,Rice,2017,2.7569994605629184,189086.0,521310.0
Kerala,Rice,2018,2.920098304158828,198026.21,578256.0
Kerala,Rice,2019,3.0555101422948834,198180.0,605541.0
Kerala,Sugarcane,1998,76.64935064935065,6160.0,472160.0
Kerala,Sugarcane,1999,100.14186851211073,5780.0,578820.0
Kerala,Sugarcane,2000,81.83843183843184,3367.0,275550.0
Kerala,Sugarcane,2001,82.57728803183349,3267.0,269780.0
Kerala,Sugarcane,2002,83.24374667376264,3758.0,312830.0
Kerala,Sugarcane,2003,82.31400282885431,3535.0,290980.0
Kerala,Sugarcane,2004,80.32274856845393,1921.0,154300.0
Kerala,Sugarcane,2005,75.0,1222.0,91650.0
Kerala,Sugarcane,2006,56.666666666666664,1161.0,65790.0
Kerala,Sugarcane,2007,53.20962888665998,2991.0,159150.0
Kerala,Sugarcane,2008,81.21462264150944,3392.0,275480.0
Kerala,Sugarcane,2009,95.8849259757739,2972.0,284970.0
Kerala,Sugarcane,2010,95.55486816806155,2844.9100000000003,271845.0
Kerala,Sugarcane,2011,100.99561896936349,2604.4100000000003,263034.0
Kerala,Sugarcane,2012,95.13203214695751,1742.0,165720.0
Kerala,Sugarcane,2013,100.22214279574173,2210.29,221520.0
Kerala,Sugarcane,2014,97.90647700156883,1517.06,148530.0
Kerala,Sugarcane,2015,101.44404915436975,1361.588,138125.0
Kerala,Sugarcane,2016,106.47509369394129,1062.502,113130.0
Kerala,Sugarcane,2017,109.87196398879804,1047.674,115110.0
Kerala,Sugarcane,2018,105.05099418903427,1011.88,106299.0
Kerala,Sugarcane,2019,127.18938149972634,950.04,120835.0
Kerala,Wheat,2012,0.0,1.0,0.0
Kerala,Wheat,2014,3.0,1.0,3.0
Kerala,Wheat,2015,1.5,2.0,3.0
Kerala,Wheat,2016,1.0,1.0,1.0
Kerala,Wheat,2017,1.0,1.0,1.0
Kerala,Wheat,2018,1.4285714285714286,1.4,2.0
Kerala,Wheat,2019,2.0,1.0,2.0
Laddak,Gram,1999,0.5380826938495018,8731.0,4698.0
Laddak,Gram,2000,0.5378412625273586,8681.0,4669.0
Laddak,Lentil,2001,0.4,5.0,2.0
Laddak,Lentil,2002,0.4,5.0,2.0
Laddak,Lentil,2003,0.5,4.0,2.0
Laddak,Lentil,2006,0.4,5.0,2.0
Laddak,Lentil,2007,0.4,5.0,2.0
Laddak,Lentil,2008,0.42857142857142855,7.0,3.0
Laddak,Lentil,2009,0.40898876404494383,445.0,182.0
Laddak,Lentil,2011,0.5,14.0,7.0
Laddak,Lentil,2012,0.6,5.0,3.0
Laddak,Maize,2007,2.5,4.0,10.0
Laddak,Rapeseed and Mustard,1999,0.7619047619047619,21.0,16.0
Laddak,Rapeseed and Mustard,2000,0.7,70.0,49.0
Laddak,Rapeseed and Mustard,2001,1.0273972602739727,73.0,75.0
Laddak,Rapeseed and Mustard,2002,1.0273972602739727,73.0,75.0
Laddak,Rapeseed and Mustard,2003,1.0277777777777777,72.0,74.0
Laddak,Rapeseed and Mustard,2006,1.1081081081081081,74.0,82.0
Laddak,Rapeseed and Mustard,2007,1.1081081081081081,74.0,82.0
Laddak,Rapeseed and Mustard,2008,1.1216216216216217,74.0,83.0
Laddak,Rapeseed and Mustard,2009,1.127906976744186,86.0,97.0
Laddak,Rapeseed and Mustard,2010,1.127906976744186,86.0,97.0
Laddak,Rapeseed and Mustard,2011,1.1348314606741574,89.0,101.0
Laddak,Rapeseed and Mustard,2012,1.127906976744186,86.0,97.0
Laddak,Wheat,1997,0.808933933933934,5328.0,4310.0
Laddak,Wheat,2000,0.8788827353720202,4153.0,3650.0
Laddak,Wheat,2001,0.8775360547543388,4091.0,3590.0
Laddak,Wheat,2002,0.8950386437297432,4011.0,3590.0
Laddak,Wheat,2003,0.8777142857142857,4375.0,3840.0
Laddak,Wheat,2004,0.877914951989026,4374.0,3840.0
Laddak,Wheat,2006,0.8779301194161875,4522.0,3970.0
Laddak,Wheat,2007,0.8779301194161875,4522.0,3970.0
Laddak,Wheat,2008,0.8763729843421361,4279.0,3750.0
Laddak,Wheat,2009,0.876252621766488,4291.0,3760.0
Laddak,Wheat,2010,0.9024081115335868,3945.0,3560.0
Laddak,Wheat,2011,0.9015333013895543,4174.0,3763.0
Laddak,Wheat,2012,0.8919701986754967,2416.0,2155.0
Madhya Pradesh,Bajra,1997,1.0898161244695899,141400.0,154100.0
Madhya Pradesh,Bajra,1998,1.183379120879121,145600.0,172300.0
Madhya Pradesh,Bajra,1999,1.008193625243339,137668.0,138796.0
Madhya Pradesh,Bajra,2000,1.2460015975317524,164003.0,204348.0
Madhya Pradesh,Bajra,2001,1.265002133224508,161727.0,204585.0
Madhya Pradesh,Bajra,2002,0.7439984246424117,167581.0,124680.0
Madhya Pradesh,Bajra,2003,1.3990008202222057,201165.0,281430.0
Madhya Pradesh,Bajra,2004,1.3499983700789968,184058.0,248478.0
Madhya Pradesh,Bajra,2005,1.4900003287563148,182506.0,271934.0
Madhya Pradesh,Bajra,2006,1.3749993173688666,183115.0,251783.0
Madhya Pradesh,Bajra,2007,1.372002050475541,200929.0,275675.0
Madhya Pradesh,Bajra,2008,1.3859987018100173,187954.0,260504.0
Madhya Pradesh,Bajra,2009,1.4829976656527584,197914.0,293506.0
Madhya Pradesh,Bajra,2010,1.9159991620864048,200498.0,384154.0
Madhya Pradesh,Bajra,2011,1.9410002800224018,199984.0,388169.0
Madhya Pradesh,Bajra,2012,2.0119976999228126,193037.0,388390.0
Madhya Pradesh,Bajra,2013,2.0989975330322794,191328.0,401597.0
Madhya Pradesh,Bajra,2014,1.9022222222222223,225000.0,428000.0
Madhya Pradesh,Bajra,2015,2.2936802973977697,269000.0,617000.0
Madhya Pradesh,Bajra,2016,2.781362007168459,279000.0,776000.0
Madhya Pradesh,Bajra,2017,2.4351164741562883,309940.0,754740.0
Madhya Pradesh,Bajra,2018,1.9210590681178916,327080.0,628340.0
Madhya Pradesh,Bajra,2019,2.3129990343170737,339656.0,785624.0
Madhya Pradesh,Bajra,2021,2533.0,,
Madhya Pradesh,Bajra,2022,2599.0,,
Madhya Pradesh,Bajra,2023,2586.0,,
Madhya Pradesh,Gram,1998,0.9523397857545575,2660500.0,2533700.0
Madhya Pradesh,Gram,1999,0.9612891624148177,2608081.0,2507120.0
Madhya Pradesh,Gram,2000,0.8199997464792304,1972225.0,1617224.0
Madhya Pradesh,Gram,2001,0.9439999434806722,2547801.0,2405124.0
Madhya Pradesh,Gram,2002,0.6940000665451002,2464494.0,1710359.0
Madhya Pradesh,Gram,2003,0.9270000922731472,2785209.0,2581889.0
Madhya Pradesh,Gram,2004,0.9200011762726451,2686452.0,2471539.0
Madhya Pradesh,Gram,2005,0.9369999893473097,2534571.0,2374893.0
Madhya Pradesh,Gram,2006,0.9879998436915415,2584633.0,2553617.0
Madhya Pradesh,Gram,2007,0.7239999186650219,2655684.0,1922715.0
Madhya Pradesh,Gram,2008,0.9800000418263329,2869006.0,2811626.0
Madhya Pradesh,Gram,2009,1.0699999202056567,3007732.0,3218273.0
Madhya Pradesh,Gram,2010,0.7849999167321244,2882264.0,2262577.0
Madhya Pradesh,Gram,2011,1.083069293081059,2623653.0,2841598.0
Madhya Pradesh,Gram,2012,1.221543269030764,2716273.0,3318045.0
Madhya Pradesh,Gram,2013,0.757841102135548,2774323.0,2102496.0
Madhya Pradesh,Gram,2014,1.0507868383404864,2796000.0,2938000.0
Madhya Pradesh,Gram,2015,1.1146454605699139,3018000.0,3364000.0
Madhya Pradesh,Gram,2016,1.410487123797704,3223000.0,4546000.0
Madhya Pradesh,Gram,2017,1.500008356545961,3590000.0,5385030.0
Madhya Pradesh,Gram,2018,1.2881965501574115,3103330.0,3997699.0
Madhya Pradesh,Gram,2019,1.5905408156270706,1925684.0,3062879.0
Madhya Pradesh,Gram,2021,1514.0,,
Madhya Pradesh,Gram,2022,1468.0,,
Madhya Pradesh,Gram,2023,1381.0,,
Madhya Pradesh,Lentil,2003,0.47058823529411764,17.0,8.0
Madhya Pradesh,Lentil,2004,0.49575626256151956,528897.0,262204.0
Madhya Pradesh,Lentil,2005,0.5032134107604929,580847.0,292290.0
Madhya Pradesh,Lentil,2006,0.48475504483264337,538670.0,261123.0
Madhya Pradesh,Lentil,2007,0.423875861194715,520643.0,220688.0
Madhya Pradesh,Lentil,2008,0.498272574524722,529690.0,263930.0
Madhya Pradesh,Lentil,2009,0.5239254445938086,519238.0,272042.0
Madhya Pradesh,Lentil,2010,0.2887506539484151,697685.0,201457.0
Madhya Pradesh,Lentil,2011,0.3671996587030717,586000.0,215179.0
Madhya Pradesh,Lentil,2012,0.5812683144974325,509842.0,296355.0
Madhya Pradesh,Lentil,2013,0.6595283274600162,472192.0,311424.0
Madhya Pradesh,Lentil,2014,0.7151394422310757,502000.0,359000.0
Madhya Pradesh,Lentil,2015,1.121617915904936,547000.0,613525.0
Madhya Pradesh,Lentil,2016,1.1321739130434783,575000.0,651000.0
Madhya Pradesh,Lentil,2017,1.1395446385127765,596010.0,679180.0
Madhya Pradesh,Lentil,2018,0.7829683328062996,420593.0,329311.0
Madhya Pradesh,Lentil,2019,0.7765700674451645,378678.0,294070.0
Madhya Pradesh,Lentil,2021,899.0,,
Madhya Pradesh,Lentil,2022,971.0,,
Madhya Pradesh,Lentil,2023,1152.0,,
Madhya Pradesh,Maize,1997,1.3428182605468266,808300.0,1085400.0
Madhya Pradesh,Maize,1998,1.4689067201604815,797600.0,1171600.0
Madhya Pradesh,Maize,1999,1.6074893438052302,846456.0,1360669.0
Madhya Pradesh,Maize,2000,1.458999709393114,829299.0,1209947.0
Madhya Pradesh,Maize,2001,1.9840000474459265,843065.0,1672641.0
Madhya Pradesh,Maize,2002,1.750999446387976,848970.0,1486546.0
Madhya Pradesh,Maize,2003,2.067999973292322,898618.0,1858342.0
Madhya Pradesh,Maize,2004,1.3999995420962377,873546.0,1222964.0
Madhya Pradesh,Maize,2005,1.4550001114250561,852591.0,1240520.0
Madhya Pradesh,Maize,2006,0.9619999545154762,879420.0,846002.0
Madhya Pradesh,Maize,2007,1.3200004751553165,841830.0,1111216.0
Madhya Pradesh,Maize,2008,1.368999494388682,826722.0,1131782.0
Madhya Pradesh,Maize,2009,1.2540002166271158,812456.0,1018820.0
Madhya Pradesh,Maize,2010,1.589999582271607,837865.0,1332205.0
Madhya Pradesh,Maize,2011,1.5510004782693716,848894.0,1316635.0
Madhya Pradesh,Maize,2012,2.7860009970533097,854518.0,2380688.0
Madhya Pradesh,Maize,2013,1.7449999354186456,851639.0,1486110.0
Madhya Pradesh,Maize,2014,2.2369584438549954,1131000.0,2530000.0
Madhya Pradesh,Maize,2015,2.8527272727272726,1100000.0,3138000.0
Madhya Pradesh,Maize,2016,3.401898734177215,1264000.0,4300000.0
Madhya Pradesh,Maize,2017,3.5591719914802984,1352160.0,4812570.0
Madhya Pradesh,Maize,2018,3.255230395219016,1256645.0,4090669.0
Madhya Pradesh,Maize,2019,2.9208157189717245,1537098.0,4489580.0
Madhya Pradesh,Maize,2021,3291.0,,
Madhya Pradesh,Maize,2022,3191.0,,
Madhya Pradesh,Maize,2023,2812.0,,
Madhya Pradesh,Rapeseed and Mustard,1997,0.5941201655487369,700700.0,416300.0
Madhya Pradesh,Rapeseed and Mustard,1998,0.8959113607990012,640800.0,574100.0
Madhya Pradesh,Rapeseed and Mustard,1999,1.0026429240025416,671983.0,673759.0
Madhya Pradesh,Rapeseed and Mustard,2000,0.7739995545326305,417539.0,323175.0
Madhya Pradesh,Rapeseed and Mustard,2001,0.9090003150080536,504749.0,458817.0
Madhya Pradesh,Rapeseed and Mustard,2002,0.6500012217404643,368327.0,239413.0
Madhya Pradesh,Rapeseed and Mustard,2003,1.0830003361093476,535540.0,579990.0
Madhya Pradesh,Rapeseed and Mustard,2004,0.9940002340987134,760363.0,755801.0
Madhya Pradesh,Rapeseed and Mustard,2005,1.0320004821891386,829550.0,856096.0
Madhya Pradesh,Rapeseed and Mustard,2006,0.9389999946796908,751836.0,705974.0
Madhya Pradesh,Rapeseed and Mustard,2007,0.934999323024412,635178.0,593891.0
Madhya Pradesh,Rapeseed and Mustard,2008,1.0559995345713031,756292.0,798644.0
Madhya Pradesh,Rapeseed and Mustard,2009,1.0470002692791514,768719.0,804849.0
Madhya Pradesh,Rapeseed and Mustard,2010,1.127999603153278,725721.0,818613.0
Madhya Pradesh,Rapeseed and Mustard,2011,1.1920007245993947,662435.0,789623.0
Madhya Pradesh,Rapeseed and Mustard,2012,1.367999931746535,703261.0,962061.0
Madhya Pradesh,Rapeseed and Mustard,2013,0.9279999430244069,702055.0,651507.0
Madhya Pradesh,Rapeseed and Mustard,2014,1.0260586319218241,614000.0,630000.0
Madhya Pradesh,Rapeseed and Mustard,2015,1.0740740740740742,621000.0,667000.0
Madhya Pradesh,Rapeseed and Mustard,2016,1.2953403656821378,711000.0,920987.0
Madhya Pradesh,Rapeseed and Mustard,2017,1.3047065115657173,747900.0,975790.0
Madhya Pradesh,Rapeseed and Mustard,2018,1.4711613896361089,707437.0,1040754.0
Madhya Pradesh,Rapeseed and Mustard,2019,1.5381236862648668,675079.0,1038355.0
Madhya Pradesh,Rapeseed and Mustard,2021,1379.0,,
Madhya Pradesh,Rapeseed and Mustard,2022,1540.0,,
Madhya Pradesh,Rapeseed and Mustard,2023,1470.0,,
Madhya Pradesh,Rice,1998,0.6152643965580643,5438800.0,3346300.0
Madhya Pradesh,Rice,1999,1.208512656362639,5514025.0,6663769.0
Madhya Pradesh,Rice,2000,0.5745876209093491,1697346.0,975274.0
Madhya Pradesh,Rice,2001,0.9545049967443309,1766150.0,1685799.0
Madhya Pradesh,Rice,2002,0.6133239822464989,1671107.0,1024930.0
Madhya Pradesh,Rice,2003,1.0203952632093378,1708583.0,1743430.0
Madhya Pradesh,Rice,2004,0.7774424907476098,1675513.0,1302615.0
Madhya Pradesh,Rice,2005,0.9923720012279131,1700446.0,1687475.0
Madhya Pradesh,Rice,2006,0.8299033520050322,1674013.0,1389269.0
Madhya Pradesh,Rice,2007,0.8105482129925036,1634912.0,1325175.0
Madhya Pradesh,Rice,2008,0.9206273215603112,1706557.0,1571103.0
Madhya Pradesh,Rice,2009,0.8509727438387868,1593071.0,1355660.0
Madhya Pradesh,Rice,2010,1.1226925362321143,1573535.0,1766596.0
Madhya Pradesh,Rice,2011,1.3424305366485731,1693231.0,2273045.0
Madhya Pradesh,Rice,2012,1.7341561906633534,1791157.0,3106146.0
Madhya Pradesh,Rice,2013,1.7654226896392646,1881546.0,3321724.0
Madhya Pradesh,Rice,2014,1.7125230918813807,2057000.0,3522660.0
Madhya Pradesh,Rice,2015,1.7497730636408486,2027000.0,3546790.0
Madhya Pradesh,Rice,2016,2.389619469026549,2260000.0,5400540.0
Madhya Pradesh,Rice,2017,2.4072339003704903,2035140.0,4899058.0
Madhya Pradesh,Rice,2018,1.8750223692027974,2794020.0,5238850.0
Madhya Pradesh,Rice,2019,2.3674253153462788,3110311.0,7363429.0
Madhya Pradesh,Rice,2021,2283.0,,
Madhya Pradesh,Rice,2022,2057.0,,
Madhya Pradesh,Rice,2023,2080.0,,
Madhya Pradesh,Sugarcane,1998,22.216454997239094,72440.0,1609360.0
Madhya Pradesh,Sugarcane,1999,43.43734698419764,44930.0,1951640.0
Madhya Pradesh,Sugarcane,2000,22.170125647304403,74733.0,1656840.0
Madhya Pradesh,Sugarcane,2001,38.93209742438506,41427.0,1612840.0
Madhya Pradesh,Sugarcane,2002,39.93601719857702,39073.0,1560420.0
Madhya Pradesh,Sugarcane,2003,43.349018335226354,43141.0,1870120.0
Madhya Pradesh,Sugarcane,2004,42.80071556350626,41925.0,1794420.0
Madhya Pradesh,Sugarcane,2005,43.33552886478109,51620.0,2236980.0
Madhya Pradesh,Sugarcane,2006,44.07399525251699,61085.0,2692260.0
Madhya Pradesh,Sugarcane,2007,42.488589211618255,77120.0,3276720.0
Madhya Pradesh,Sugarcane,2008,44.33617607626992,53704.0,2381030.0
Madhya Pradesh,Sugarcane,2009,40.55346988956948,45549.0,1847170.0
Madhya Pradesh,Sugarcane,2010,40.69267482880266,48190.0,1960980.0
Madhya Pradesh,Sugarcane,2011,39.71132479495778,49502.0,1965790.0
Madhya Pradesh,Sugarcane,2012,51.141537262759506,53901.0,2756580.0
Madhya Pradesh,Sugarcane,2013,50.45195498485067,55448.0,2797460.0
Madhya Pradesh,Sugarcane,2014,40.09803921568628,102000.0,4090000.0
Madhya Pradesh,Sugarcane,2015,50.588235294117645,102000.0,5160000.0
Madhya Pradesh,Sugarcane,2016,51.40868051778527,91930.0,4726000.0
Madhya Pradesh,Sugarcane,2017,55.412076703386376,98040.0,5432600.0
Madhya Pradesh,Sugarcane,2018,48.90521028340531,107902.0,5276970.0
Madhya Pradesh,Sugarcane,2019,59.46800234197673,124681.0,7414530.0
Madhya Pradesh,Sugarcane,2021,57840.0,,
Madhya Pradesh,Sugarcane,2022,70040.0,,
Madhya Pradesh,Sugarcane,2023,66000.0,,
Madhya Pradesh,Wheat,1997,1.57265507143491,4507600.0,7088900.0
Madhya Pradesh,Wheat,1998,1.7867581205356167,4577900.0,8179600.0
Madhya Pradesh,Wheat,1999,1.86316685272885,4661524.0,8685197.0
Madhya Pradesh,Wheat,2000,1.4737239021314774,3299120.0,4861992.0
Madhya Pradesh,Wheat,2001,1.6235297113232443,3691707.0,5993596.0
Madhya Pradesh,Wheat,2002,1.458991458922012,3369481.0,4916044.0
Madhya Pradesh,Wheat,2003,1.803702352601414,4078974.0,7357255.0
Madhya Pradesh,Wheat,2004,1.7477575348928718,4188248.0,7320042.0
Madhya Pradesh,Wheat,2005,1.64139940068096,3772615.0,6192368.0
Madhya Pradesh,Wheat,2006,1.8394517431802218,4262382.0,7840446.0
Madhya Pradesh,Wheat,2007,1.6455853666469162,4089343.0,6729363.0
Madhya Pradesh,Wheat,2008,1.8191139529915705,3997666.0,7272210.0
Madhya Pradesh,Wheat,2009,1.9882009286846027,4458995.0,8865378.0
Madhya Pradesh,Wheat,2010,1.9899702684473222,4633125.0,9219781.0
Madhya Pradesh,Wheat,2011,2.7697620586840492,5248479.0,14537038.0
Madhya Pradesh,Wheat,2012,2.9477683102646393,5601025.0,16510524.0
Madhya Pradesh,Wheat,2013,2.5677950378929175,6123044.0,15722722.0
Madhya Pradesh,Wheat,2014,3.077679613268878,5999000.0,18463000.0
Madhya Pradesh,Wheat,2015,3.1126141359485966,5914000.0,18408000.0
Madhya Pradesh,Wheat,2016,3.4121127199128134,6423000.0,21916000.0
Madhya Pradesh,Wheat,2017,3.4499429603410663,5802980.0,20019950.0
Madhya Pradesh,Wheat,2018,3.2734413781483482,7721549.0,25276038.0
Madhya Pradesh,Wheat,2019,3.671233454610803,10216517.0,37507219.0
Madhya Pradesh,Wheat,2021,3535.0,,
Madhya Pradesh,Wheat,2022,3179.0,,
Madhya Pradesh,Wheat,2023,3012.0,,
Maharashtra,Bajra,1997,0.669578745811393,1671200.0,1119000.0
Maharashtra,Bajra,1998,0.848155935670853,1759700.0,1492500.0
Maharashtra,Bajra,1999,0.6545591910269076,1720700.0,1126300.0
Maharashtra,Bajra,2000,0.604,1800000.0,1087200.0
Maharashtra,Bajra,2001,0.593767867352773,1399200.0,830800.0
Maharashtra,Bajra,2002,0.7406928645294726,1547200.0,1146000.0
Maharashtra,Bajra,2003,0.6762486796438811,1325400.0,896300.0
Maharashtra,Bajra,2004,0.7366734253384787,1528900.0,1126300.0
Maharashtra,Bajra,2005,0.6500209234202817,1433800.0,932000.0
Maharashtra,Bajra,2006,0.7289629527613276,1452200.0,1058600.0
Maharashtra,Bajra,2007,0.878332034294622,1283000.0,1126900.0
Maharashtra,Bajra,2008,0.7648486249133348,865400.0,661900.0
Maharashtra,Bajra,2009,0.7414610546686018,1033500.0,766300.0
Maharashtra,Bajra,2010,1.0859269282814614,1034600.0,1123500.0
Maharashtra,Bajra,2011,0.9822238129324744,838200.0,823300.0
Maharashtra,Bajra,2012,0.6374016747018523,788200.0,502400.0
Maharashtra,Bajra,2013,1.03453256302521,761600.0,787900.0
Maharashtra,Bajra,2014,0.6219935245143385,864800.0,537900.0
Maharashtra,Bajra,2015,0.41581314014489135,800600.0,332900.0
Maharashtra,Bajra,2016,0.9553949976167181,837081.0,799743.0
Maharashtra,Bajra,2017,0.8493881317487335,787833.0,669176.0
Maharashtra,Bajra,2018,0.5450096245427645,609587.4,332231.0
Maharashtra,Bajra,2019,0.7614951626304469,672783.0,512321.0
Maharashtra,Bajra,2021,928.0,,
Maharashtra,Bajra,2022,1079.0,,
Maharashtra,Bajra,2023,608.0,,
Maharashtra,Gram,1997,0.4126342211685957,717100.0,295900.0
Maharashtra,Gram,1998,0.6214333112143331,904200.0,561900.0
Maharashtra,Gram,1999,0.643695652173913,920000.0,592200.0
Maharashtra,Gram,2000,0.5187814256137238,676200.0,350800.0
Maharashtra,Gram,2001,0.5956630966547666,756300.0,450500.0
Maharashtra,Gram,2002,0.5633006782215524,796200.0,448500.0
Maharashtra,Gram,2003,0.5295523138832998,795200.0,421100.0
Maharashtra,Gram,2004,0.5617544282443668,829900.0,466200.0
Maharashtra,Gram,2005,0.6911015288122305,1020400.0,705200.0
Maharashtra,Gram,2006,0.7072089289809648,1308100.0,925100.0
Maharashtra,Gram,2007,0.8244291731323432,1353300.0,1115700.0
Maharashtra,Gram,2008,0.6769002011720459,1143300.0,773900.0
Maharashtra,Gram,2009,0.862939445562955,1291400.0,1114400.0
Maharashtra,Gram,2010,0.9042353432088462,1437900.0,1300200.0
Maharashtra,Gram,2011,0.7976002232350479,1075100.0,857500.0
Maharashtra,Gram,2012,0.7650066108417806,1134500.0,867900.0
Maharashtra,Gram,2013,0.92177690029615,1519500.0,1400640.0
Maharashtra,Gram,2014,0.7619614711033275,1427500.0,1087700.0
Maharashtra,Gram,2015,0.5386055671904689,1442020.0,776680.0
Maharashtra,Gram,2016,1.006114155085453,1929130.0,1940925.0
Maharashtra,Gram,2017,0.9171196181286819,2234051.0,2048892.0
Maharashtra,Gram,2018,0.8244501894677196,1694220.0,1396800.0
Maharashtra,Gram,2019,1.0963597440887076,2043208.0,2240091.0
Maharashtra,Gram,2021,1145.0,,
Maharashtra,Gram,2022,1074.0,,
Maharashtra,Gram,2023,1055.0,,
Maharashtra,Maize,1997,1.3170084799581605,240921.0,317295.0
Maharashtra,Maize,1998,1.8715290633098853,270100.0,505500.0
Maharashtra,Maize,1999,1.5707529114825918,263869.0,414473.0
Maharashtra,Maize,2000,0.9236385762093094,328700.0,303600.0
Maharashtra,Maize,2001,1.7997853419196566,326100.0,586910.0
Maharashtra,Maize,2002,2.0024245689655173,371200.0,743300.0
Maharashtra,Maize,2003,2.0343521774411686,369700.0,752100.0
Maharashtra,Maize,2004,1.7557924003707137,431600.0,757800.0
Maharashtra,Maize,2005,2.106070287539936,469500.0,988800.0
Maharashtra,Maize,2006,1.9820751465012065,580200.0,1150000.0
Maharashtra,Maize,2007,2.6653760238272524,671500.0,1789800.0
Maharashtra,Maize,2008,2.392254066615027,645500.0,1544200.0
Maharashtra,Maize,2009,2.300818124606671,794500.0,1828000.0
Maharashtra,Maize,2010,2.9219539584503087,890500.0,2602000.0
Maharashtra,Maize,2011,2.8013222386868804,877300.0,2457600.0
Maharashtra,Maize,2012,2.222168146976518,821900.0,1826400.0
Maharashtra,Maize,2013,3.3003697834125725,946500.0,3123800.0
Maharashtra,Maize,2014,2.0453447314625532,1076200.0,2201200.0
Maharashtra,Maize,2015,1.5558023788769226,1066890.0,1659870.0
Maharashtra,Maize,2016,3.159874694449059,1053425.0,3328691.0
Maharashtra,Maize,2017,2.938718000312169,1063526.0,3125403.0
Maharashtra,Maize,2018,1.9054297485070268,926507.0,1765394.0
Maharashtra,Maize,2019,1.739650133092858,1126657.0,1959989.0
Maharashtra,Maize,2021,2865.0,,
Maharashtra,Maize,2022,2913.0,,
Maharashtra,Maize,2023,1847.0,,
Maharashtra,Rapeseed and Mustard,1998,0.1935483870967742,12400.0,2400.0
Maharashtra,Rapeseed and Mustard,1999,0.2871287128712871,10100.0,2900.0
Maharashtra,Rapeseed and Mustard,2000,0.23170731707317074,8200.0,1900.0
Maharashtra,Rapeseed and Mustard,2001,0.25245901639344265,12200.0,3080.0
Maharashtra,Rapeseed and Mustard,2002,0.2802469135802469,8100.0,2270.0
Maharashtra,Rapeseed and Mustard,2003,0.2524271844660194,10300.0,2600.0
Maharashtra,Rapeseed and Mustard,2004,0.29069767441860467,8600.0,2500.0
Maharashtra,Rapeseed and Mustard,2005,0.3515873015873016,12600.0,4430.0
Maharashtra,Rapeseed and Mustard,2006,0.35251798561151076,13900.0,4900.0
Maharashtra,Rapeseed and Mustard,2007,0.4673913043478261,9200.0,4300.0
Maharashtra,Rapeseed and Mustard,2008,0.3387096774193548,6200.0,2100.0
Maharashtra,Rapeseed and Mustard,2009,0.38620689655172413,5800.0,2240.0
Maharashtra,Rapeseed and Mustard,2010,0.37142857142857144,7700.0,2860.0
Maharashtra,Rapeseed and Mustard,2011,0.34885496183206105,13100.0,4570.0
Maharashtra,Rapeseed and Mustard,2012,0.2827586206896552,8700.0,2460.0
Maharashtra,Rapeseed and Mustard,2016,0.3592548467453699,9233.0,3317.0
Maharashtra,Rapeseed and Mustard,2017,0.34292134831460674,6675.0,2289.0
Maharashtra,Rapeseed and Mustard,2018,0.34489369118159635,5738.0,1979.0
Maharashtra,Rapeseed and Mustard,2019,0.3046496149091946,10517.0,3204.0
Maharashtra,Rice,1997,1.7401594380469623,1339329.0,2330646.0
Maharashtra,Rice,1998,1.6638122850785517,1483100.0,2467600.0
Maharashtra,Rice,1999,1.7012345679012346,1498500.0,2549300.0
Maharashtra,Rice,2000,1.2766787958981145,1511500.0,1929700.0
Maharashtra,Rice,2001,1.75112285336856,1514000.0,2651200.0
Maharashtra,Rice,2002,1.2171601129127552,1523300.0,1854100.0
Maharashtra,Rice,2003,1.8524740179096673,1529900.0,2834100.0
Maharashtra,Rice,2004,1.4232120368529197,1508700.0,2147200.0
Maharashtra,Rice,2005,1.7646280991735537,1512500.0,2669000.0
Maharashtra,Rice,2006,1.68031125351468,1529300.0,2569700.0
Maharashtra,Rice,2007,1.910001902708188,1576700.0,3011500.0
Maharashtra,Rice,2008,1.5034505422280644,1521500.0,2287500.0
Maharashtra,Rice,2009,1.4863321093431252,1470600.0,2185800.0
Maharashtra,Rice,2010,1.7753513228211388,1515700.0,2690900.0
Maharashtra,Rice,2011,1.844903509908043,1544200.0,2848900.0
Maharashtra,Rice,2012,1.9743681847338037,1559000.0,3078040.0
Maharashtra,Rice,2013,1.9367499532681165,1604900.0,3108290.0
Maharashtra,Rice,2014,1.899561629706034,1551200.0,2946600.0
Maharashtra,Rice,2015,1.72551237689646,1502800.0,2593100.0
Maharashtra,Rice,2016,2.332285377466018,1535370.0,3580921.0
Maharashtra,Rice,2017,1.8820863397114842,1450943.0,2730800.0
Maharashtra,Rice,2018,2.2360609589443174,1464986.0,3275798.0
Maharashtra,Rice,2019,1.8657137944956468,1552989.0,2897433.0
Maharashtra,Rice,2021,2178.0,,
Maharashtra,Rice,2022,2269.0,,
Maharashtra,Rice,2023,2304.0,,
Maharashtra,Sugarcane,1997,0.8666993998908893,183300.0,158866.0
Maharashtra,Sugarcane,1998,88.99792374480936,529800.0,47151100.0
Maharashtra,Sugarcane,1999,90.05321132011524,590100.0,53140400.0
Maharashtra,Sugarcane,2000,83.26675625734923,595300.0,49568700.0
Maharashtra,Sugarcane,2001,78.06952611553096,578200.0,45139800.0
Maharashtra,Sugarcane,2002,74.36224044669342,573100.0,42617000.0
Maharashtra,Sugarcane,2003,58.00768361581921,442500.0,25668400.0
Maharashtra,Sugarcane,2004,73.15295197308045,326900.0,23913700.0
Maharashtra,Sugarcane,2005,77.5188735769922,500700.0,38813700.0
Maharashtra,Sugarcane,2006,78.08364750235627,848800.0,66277400.0
Maharashtra,Sugarcane,2007,80.92715959004393,1092800.0,88437200.0
Maharashtra,Sugarcane,2008,78.92803227485685,768400.0,60648300.0
Maharashtra,Sugarcane,2009,84.878026193941,755900.0,64159300.0
Maharashtra,Sugarcane,2010,88.8455158113012,964500.0,85691500.0
Maharashtra,Sugarcane,2011,87.53043052837573,1022000.0,89456100.0
Maharashtra,Sugarcane,2012,80.30593753331202,938100.0,75335000.0
Maharashtra,Sugarcane,2013,89.58915804076406,937100.0,83954000.0
Maharashtra,Sugarcane,2014,88.91510441962117,1029500.0,91538100.0
Maharashtra,Sugarcane,2015,70.14020869212845,987100.0,69235400.0
Maharashtra,Sugarcane,2016,85.64604299278821,633269.0,54236984.0
Maharashtra,Sugarcane,2017,91.50332304178885,902035.0,82539200.0
Maharashtra,Sugarcane,2018,77.19961284308363,1162836.0,89770489.0
Maharashtra,Sugarcane,2019,84.28055573456938,822407.0,69312919.0
Maharashtra,Sugarcane,2021,92000.0,,
Maharashtra,Sugarcane,2022,91200.0,,
Maharashtra,Sugarcane,2023,78000.0,,
Maharashtra,Wheat,1997,0.8973638431687408,747300.0,670600.0
Maharashtra,Wheat,1998,1.2885278188084688,1015500.0,1308500.0
Maharashtra,Wheat,1999,1.3686888078325974,1041800.0,1425900.0
Maharashtra,Wheat,2000,1.2564306549986741,754200.0,947600.0
Maharashtra,Wheat,2001,1.38840206185567,776000.0,1077400.0
Maharashtra,Wheat,2002,1.2949460384311662,759800.0,983900.0
Maharashtra,Wheat,2003,1.1707537234842786,664700.0,778200.0
Maharashtra,Wheat,2004,1.3448458382956199,755700.0,1016300.0
Maharashtra,Wheat,2005,1.3944039451114922,932800.0,1300700.0
Maharashtra,Wheat,2006,1.5201494962625934,1230800.0,1871000.0
Maharashtra,Wheat,2007,1.892640485312899,1252800.0,2371100.0
Maharashtra,Wheat,2008,1.4840477588569192,1021800.0,1516400.0
Maharashtra,Wheat,2009,1.6099546674067906,1080900.0,1740200.0
Maharashtra,Wheat,2010,1.7609061686820757,1306600.0,2300800.0
Maharashtra,Wheat,2011,1.7068670994192006,878100.0,1498800.0
Maharashtra,Wheat,2012,1.5270063694267515,785000.0,1198700.0
Maharashtra,Wheat,2013,1.4394086753549893,1028200.0,1480000.0
Maharashtra,Wheat,2014,1.2252412630000937,1067300.0,1307700.0
Maharashtra,Wheat,2015,1.0773965970397013,910854.0,981351.0
Maharashtra,Wheat,2016,1.7405672614751817,1272006.0,2214012.0
Maharashtra,Wheat,2017,1.6566667970430633,1137731.5,1884842.0
Maharashtra,Wheat,2018,1.4973300420380184,834423.25,1249407.0
Maharashtra,Wheat,2019,1.696782769533523,1056965.0,1793440.0
Maharashtra,Wheat,2021,1894.0,,
Maharashtra,Wheat,2022,1948.0,,
Maharashtra,Wheat,2023,1899.0,,
Manipur,Gram,2008,0.833941605839416,548.0,457.0
Manipur,Gram,2009,0.8571428571428571,1848.0,1584.0
Manipur,Gram,2010,0.7966101694915254,590.0,470.0
Manipur,Gram,2011,0.8540983606557377,610.0,521.0
Manipur,Gram,2012,0.8507042253521127,710.0,604.0
Manipur,Gram,2013,0.9178082191780822,730.0,670.0
Manipur,Gram,2014,0.8485294117647059,680.0,577.0
Manipur,Gram,2015,0.9283854166666666,768.0,713.0
Manipur,Gram,2016,0.9329962073324906,791.0,738.0
Manipur,Gram,2017,0.9325153374233128,815.0,760.0
Manipur,Gram,2018,0.9257950530035336,849.0,786.0
Manipur,Lentil,2008,0.8285714285714286,455.0,377.0
Manipur,Lentil,2009,0.8457183297947629,1413.0,1195.0
Manipur,Lentil,2010,0.7895833333333333,480.0,379.0
Manipur,Lentil,2011,0.839458413926499,517.0,434.0
Manipur,Lentil,2012,0.8237179487179487,624.0,514.0
Manipur,Lentil,2013,0.917741935483871,620.0,569.0
Manipur,Lentil,2014,0.8410714285714286,560.0,471.0
Manipur,Lentil,2015,0.9284649776453056,671.0,623.0
Manipur,Lentil,2016,0.9427753934191703,699.0,659.0
Manipur,Lentil,2017,0.9253112033195021,723.0,669.0
Manipur,Lentil,2018,0.9234828496042217,758.0,700.0
Manipur,Maize,1997,3.8333333333333335,6.0,23.0
Manipur,Maize,1998,3.4087837837837838,2960.0,10090.0
Manipur,Maize,1999,2.467741935483871,4340.0,10710.0
Manipur,Maize,2000,2.325481798715203,4670.0,10860.0
Manipur,Maize,2001,1.9940711462450593,5060.0,10090.0
Manipur,Maize,2002,2.3361581920903953,3540.0,8270.0
Manipur,Maize,2003,3.217948717948718,2340.0,7530.0
Manipur,Maize,2004,2.7639751552795033,3220.0,8900.0
Manipur,Maize,2005,2.7859649122807015,2850.0,7940.0
Manipur,Maize,2006,2.4760479041916166,3340.0,8270.0
Manipur,Maize,2007,2.85472972972973,2960.0,8450.0
Manipur,Maize,2008,1.7488877904102818,20230.0,35380.0
Manipur,Maize,2009,1.7962264150943397,31800.0,57120.0
Manipur,Maize,2010,1.8556101922217256,22370.0,41510.0
Manipur,Maize,2011,1.8511066398390341,24850.0,46000.0
Manipur,Maize,2012,2.287551440329218,19440.0,44470.0
Manipur,Maize,2013,2.237065637065637,25900.0,57940.0
Manipur,Maize,2014,2.243222604047346,26190.0,58750.0
Manipur,Maize,2015,2.303892215568862,26720.0,61560.0
Manipur,Maize,2016,2.1940298507462686,26800.0,58800.0
Manipur,Maize,2017,2.342740438173041,26930.0,63090.0
Manipur,Maize,2018,2.2047005307050798,26380.0,58160.0
Manipur,Rapeseed and Mustard,1998,0.44755244755244755,1430.0,640.0
Manipur,Rapeseed and Mustard,1999,0.44680851063829785,1410.0,630.0
Manipur,Rapeseed and Mustard,2000,0.4489795918367347,1470.0,660.0
Manipur,Rapeseed and Mustard,2001,0.4406779661016949,590.0,260.0
Manipur,Rapeseed and Mustard,2002,0.4458874458874459,2310.0,1030.0
Manipur,Rapeseed and Mustard,2003,0.5,20.0,10.0
Manipur,Rapeseed and Mustard,2004,0.45,200.0,90.0
Manipur,Rapeseed and Mustard,2005,0.48,250.0,120.0
Manipur,Rapeseed and Mustard,2006,0.5,40.0,20.0
Manipur,Rapeseed and Mustard,2007,0.4444444444444444,1170.0,520.0
Manipur,Rapeseed and Mustard,2008,0.7692307692307693,26000.0,20000.0
Manipur,Rapeseed and Mustard,2009,0.7792857142857142,56000.0,43640.0
Manipur,Rapeseed and Mustard,2010,0.7794392523364486,26750.0,20850.0
Manipur,Rapeseed and Mustard,2011,0.765090909090909,27500.0,21040.0
Manipur,Rapeseed and Mustard,2012,0.8391666666666666,36000.0,30210.0
Manipur,Rapeseed and Mustard,2013,0.8372833392288646,28270.0,23670.0
Manipur,Rapeseed and Mustard,2014,0.8673505482844004,28270.0,24520.0
Manipur,Rapeseed and Mustard,2015,0.8455172413793104,29000.0,24520.0
Manipur,Rapeseed and Mustard,2016,0.854788877445932,29130.0,24900.0
Manipur,Rapeseed and Mustard,2017,0.8557758031442242,29260.0,25040.0
Manipur,Rapeseed and Mustard,2018,0.839823907890281,29530.0,24800.0
Manipur,Rice,1997,2.2451612903225806,155.0,348.0
Manipur,Rice,1998,2.2900713044520344,166890.0,382190.0
Manipur,Rice,1999,2.323973256924546,157050.0,364980.0
Manipur,Rice,2000,2.4332334756836,156890.0,381750.0
Manipur,Rice,2001,2.382173832810482,162570.0,387270.0
Manipur,Rice,2002,2.1925413101691595,153110.0,335700.0
Manipur,Rice,2003,2.4155103592472913,157830.0,381240.0
Manipur,Rice,2004,2.4725199931938064,176310.0,435930.0
Manipur,Rice,2005,2.3220858895705523,166260.0,386070.0
Manipur,Rice,2006,2.35332889883292,165370.0,389170.0
Manipur,Rice,2007,2.4444778814324404,166150.0,406150.0
Manipur,Rice,2008,2.4562775486989903,210990.0,518250.0
Manipur,Rice,2009,2.3275968039336203,113890.0,265090.0
Manipur,Rice,2010,2.258040248260297,212680.0,480240.0
Manipur,Rice,2011,2.6422855099029823,223670.0,591000.0
Manipur,Rice,2012,2.0994376069769336,122690.0,257580.0
Manipur,Rice,2013,2.68254039497307,222800.0,597670.0
Manipur,Rice,2014,2.2371869150548176,224380.0,501980.0
Manipur,Rice,2015,2.144050632911392,237000.0,508140.0
Manipur,Rice,2016,2.6459016393442623,244000.0,645600.0
Manipur,Rice,2017,2.56778336360948,236710.0,607820.0
Manipur,Rice,2018,2.58,233500.0,602430.0
Manipur,Sugarcane,1997,0.2857142857142857,7.0,2.0
Manipur,Sugarcane,1998,32.67142857142857,700.0,22870.0
Manipur,Sugarcane,1999,32.66153846153846,650.0,21230.0
Manipur,Sugarcane,2000,32.66216216216216,740.0,24170.0
Manipur,Sugarcane,2002,32.65625,320.0,10450.0
Manipur,Sugarcane,2003,32.666666666666664,330.0,10780.0
Manipur,Sugarcane,2004,32.666666666666664,300.0,9800.0
Manipur,Sugarcane,2005,32.714285714285715,70.0,2290.0
Manipur,Sugarcane,2006,32.666666666666664,510.0,16660.0
Manipur,Sugarcane,2007,32.666666666666664,510.0,16660.0
Manipur,Sugarcane,2008,57.86407766990291,5150.0,298000.0
Manipur,Sugarcane,2009,58.689922480620154,3870.0,227130.0
Manipur,Sugarcane,2010,57.94423076923077,5200.0,301310.0
Manipur,Sugarcane,2011,57.91304347826087,5750.0,333000.0
Manipur,Sugarcane,2012,56.67090909090909,5500.0,311690.0
Manipur,Sugarcane,2013,58.001709401709405,5850.0,339310.0
Manipur,Sugarcane,2014,58.001709401709405,5850.0,339310.0
Manipur,Sugarcane,2015,58.0,6000.0,348000.0
Manipur,Sugarcane,2016,58.0,6000.0,348000.0
Manipur,Sugarcane,2017,58.0,6000.0,348000.0
Manipur,Sugarcane,2018,57.81100917431193,5450.0,315070.0
Manipur,Wheat,2008,2.497560975609756,2050.0,5120.0
Manipur,Wheat,2009,2.0875,12000.0,25050.0
Manipur,Wheat,2010,2.5,2100.0,5250.0
Manipur,Wheat,2011,2.4976744186046513,2150.0,5370.0
Manipur,Wheat,2012,2.5,2400.0,6000.0
Manipur,Wheat,2013,2.5,2160.0,5400.0
Manipur,Wheat,2014,2.6018518518518516,2160.0,5620.0
Manipur,Wheat,2015,2.497777777777778,2250.0,5620.0
Manipur,Wheat,2016,2.497777777777778,2250.0,5620.0
Manipur,Wheat,2017,2.497777777777778,2250.0,5620.0
Manipur,Wheat,2018,2.502183406113537,2290.0,5730.0
Meghalaya,Gram,1997,0.6094808126410836,443.0,270.0
Meghalaya,Gram,1998,0.6112311015118791,463.0,283.0
Meghalaya,Gram,1999,0.6152173913043478,460.0,283.0
Meghalaya,Gram,2000,0.6177105831533477,463.0,286.0
Meghalaya,Gram,2001,0.6114519427402862,489.0,299.0
Meghalaya,Gram,2002,0.6139630390143738,487.0,299.0
Meghalaya,Gram,2003,0.6220472440944882,508.0,316.0
Meghalaya,Gram,2004,0.6242774566473989,519.0,324.0
Meghalaya,Gram,2005,0.621414913957935,523.0,325.0
Meghalaya,Gram,2006,0.6194029850746269,536.0,332.0
Meghalaya,Gram,2007,0.6176470588235294,544.0,336.0
Meghalaya,Gram,2008,0.6226415094339622,530.0,330.0
Meghalaya,Gram,2009,0.6256684491978609,561.0,351.0
Meghalaya,Gram,2010,0.6209386281588448,554.0,344.0
Meghalaya,Gram,2011,0.6274509803921569,561.0,352.0
Meghalaya,Gram,2012,0.975,1800.0,1755.0
Meghalaya,Gram,2013,1.009972299168975,1805.0,1823.0
Meghalaya,Gram,2014,1.0314222712238148,1814.0,1871.0
Meghalaya,Gram,2015,1.0592105263157894,1824.0,1932.0
Meghalaya,Gram,2016,1.0637837837837838,1850.0,1968.0
Meghalaya,Gram,2017,1.066200215285253,1858.0,1981.0
Meghalaya,Gram,2018,1.0680965147453083,1865.0,1992.0
Meghalaya,Gram,2019,1.07223113964687,1869.0,2004.0
Meghalaya,Lentil,2009,0.8253012048192772,332.0,274.0
Meghalaya,Lentil,2010,0.8259587020648967,339.0,280.0
Meghalaya,Lentil,2011,0.8314606741573034,356.0,296.0
Meghalaya,Lentil,2013,1.045639771801141,1227.0,1283.0
Meghalaya,Lentil,2014,1.06807131280389,1234.0,1318.0
Meghalaya,Lentil,2015,1.103059581320451,1242.0,1370.0
Meghalaya,Lentil,2016,1.1030351437699681,1252.0,1381.0
Meghalaya,Lentil,2017,1.105891719745223,1256.0,1389.0
Meghalaya,Lentil,2018,1.1073131955484896,1258.0,1393.0
Meghalaya,Lentil,2019,1.1111111111111112,1260.0,1400.0
Meghalaya,Maize,1997,1.4485007278020379,17175.0,24878.0
Meghalaya,Maize,1998,1.4676810500029038,17219.0,25272.0
Meghalaya,Maize,1999,1.4456332271443169,16637.0,24051.0
Meghalaya,Maize,2000,1.4344019874600733,16906.0,24250.0
Meghalaya,Maize,2001,1.4969168741847503,16866.0,25247.0
Meghalaya,Maize,2002,1.529310956151755,16922.0,25879.0
Meghalaya,Maize,2003,1.534260355029586,16900.0,25929.0
Meghalaya,Maize,2004,1.4222222222222223,16875.0,24000.0
Meghalaya,Maize,2005,1.4453781512605042,16898.0,24424.0
Meghalaya,Maize,2006,1.486824344151652,17039.0,25334.0
Meghalaya,Maize,2007,1.4745424683247301,17048.0,25138.0
Meghalaya,Maize,2008,1.502366068820471,17117.0,25716.0
Meghalaya,Maize,2009,1.5205415770817596,17209.0,26167.0
Meghalaya,Maize,2010,1.5339198888631627,17276.0,26500.0
Meghalaya,Maize,2011,1.5568976478067387,17303.0,26939.0
Meghalaya,Maize,2012,2.149986122675548,18015.0,38732.0
Meghalaya,Maize,2013,2.2,18025.0,39655.0
Meghalaya,Maize,2014,2.2600210678050674,18037.0,40764.0
Meghalaya,Maize,2015,2.284116083296411,18056.0,41242.0
Meghalaya,Maize,2016,2.2916482789055603,18128.0,41543.0
Meghalaya,Maize,2017,2.2930806522697225,18152.0,41624.0
Meghalaya,Maize,2018,2.2940593514287286,18163.0,41667.0
Meghalaya,Maize,2019,2.29778804886101,18174.0,41760.0
Meghalaya,Rapeseed and Mustard,1997,0.6460804165461382,6914.0,4467.0
Meghalaya,Rapeseed and Mustard,1998,0.6616541353383458,6916.0,4576.0
Meghalaya,Rapeseed and Mustard,1999,0.6600397614314115,7042.0,4648.0
Meghalaya,Rapeseed and Mustard,2000,0.6637664889138366,7126.0,4730.0
Meghalaya,Rapeseed and Mustard,2001,0.6682504192286194,7156.0,4782.0
Meghalaya,Rapeseed and Mustard,2002,0.6484309913912802,7202.0,4670.0
Meghalaya,Rapeseed and Mustard,2003,0.643530063729565,7218.0,4645.0
Meghalaya,Rapeseed and Mustard,2004,0.6642204375519247,7222.0,4797.0
Meghalaya,Rapeseed and Mustard,2005,0.6613396331295164,7196.0,4759.0
Meghalaya,Rapeseed and Mustard,2006,0.6631318000275445,7261.0,4815.0
Meghalaya,Rapeseed and Mustard,2007,0.6611969111969112,7252.0,4795.0
Meghalaya,Rapeseed and Mustard,2008,0.6816729192719189,7197.0,4906.0
Meghalaya,Rapeseed and Mustard,2009,0.6804469273743017,7160.0,4872.0
Meghalaya,Rapeseed and Mustard,2010,0.6793903803131991,7152.0,4859.0
Meghalaya,Rapeseed and Mustard,2011,0.6814958987904908,7193.0,4902.0
Meghalaya,Rapeseed and Mustard,2012,0.934974358974359,9750.0,9116.0
Meghalaya,Rapeseed and Mustard,2013,0.9497950819672131,9760.0,9270.0
Meghalaya,Rapeseed and Mustard,2014,0.9561125319693095,9775.0,9346.0
Meghalaya,Rapeseed and Mustard,2015,0.9673002248109545,9786.0,9466.0
Meghalaya,Rapeseed and Mustard,2016,0.9335160373528217,9852.0,9197.0
Meghalaya,Rapeseed and Mustard,2017,0.9348464890059783,9869.0,9226.0
Meghalaya,Rapeseed and Mustard,2018,0.9355197894523737,9879.0,9242.0
Meghalaya,Rapeseed and Mustard,2019,0.9355197894523737,9879.0,9242.0
Meghalaya,Rice,1997,1.4272225919939145,105170.0,150101.0
Meghalaya,Rice,1998,1.420675129504184,105402.0,149742.0
Meghalaya,Rice,1999,1.6044675832385749,106411.0,170733.0
Meghalaya,Rice,2000,1.6786236639789986,106660.0,179042.0
Meghalaya,Rice,2001,1.7536121602435017,107761.0,188971.0
Meghalaya,Rice,2002,1.77216869930018,107742.0,190937.0
Meghalaya,Rice,2003,1.829212274769643,109721.0,200703.0
Meghalaya,Rice,2004,1.736611385029135,111550.0,193719.0
Meghalaya,Rice,2005,1.9635621423386223,106071.0,208277.0
Meghalaya,Rice,2006,1.9198254782567004,104285.0,200209.0
Meghalaya,Rice,2007,1.8818378480060196,106320.0,200077.0
Meghalaya,Rice,2008,1.8868249340552548,108045.0,203862.0
Meghalaya,Rice,2009,1.8872524546513563,108162.0,204129.0
Meghalaya,Rice,2010,1.911816041002909,108285.0,207021.0
Meghalaya,Rice,2011,2.0457497129735938,108875.0,222731.0
Meghalaya,Rice,2012,2.4205064190759082,109751.0,265653.0
Meghalaya,Rice,2013,2.6529470989968096,82437.0,218701.0
Meghalaya,Rice,2014,2.703316624819847,110323.0,298238.0
Meghalaya,Rice,2015,2.7257797293015256,110455.0,301076.0
Meghalaya,Rice,2016,2.7390131141053087,111178.0,304518.0
Meghalaya,Rice,2017,2.7401948875752424,111141.0,304548.0
Meghalaya,Rice,2018,2.731132585728194,110932.0,302970.0
Meghalaya,Rice,2019,2.7340919123940286,110997.0,303476.0
Meghalaya,Sugarcane,1997,2.7439024390243905,82.0,225.0
Meghalaya,Sugarcane,1998,2.710843373493976,83.0,225.0
Meghalaya,Sugarcane,1999,2.7875,80.0,223.0
Meghalaya,Sugarcane,2000,2.755813953488372,86.0,237.0
Meghalaya,Sugarcane,2001,2.7228915662650603,83.0,226.0
Meghalaya,Sugarcane,2002,2.7375,80.0,219.0
Meghalaya,Sugarcane,2003,2.746987951807229,83.0,228.0
Meghalaya,Sugarcane,2004,2.6785714285714284,84.0,225.0
Meghalaya,Sugarcane,2005,2.7375,80.0,219.0
Meghalaya,Sugarcane,2006,2.7471264367816093,87.0,239.0
Meghalaya,Sugarcane,2007,2.739130434782609,92.0,252.0
Meghalaya,Sugarcane,2008,2.717391304347826,92.0,250.0
Meghalaya,Sugarcane,2009,2.710526315789474,76.0,206.0
Meghalaya,Sugarcane,2010,2.6470588235294117,68.0,180.0
Meghalaya,Sugarcane,2011,2.689189189189189,74.0,199.0
Meghalaya,Sugarcane,2012,2.9473684210526314,95.0,280.0
Meghalaya,Sugarcane,2013,3.0,105.0,315.0
Meghalaya,Sugarcane,2014,3.045045045045045,111.0,338.0
Meghalaya,Sugarcane,2015,3.0427350427350426,117.0,356.0
Meghalaya,Sugarcane,2016,2.9834710743801653,121.0,361.0
Meghalaya,Sugarcane,2017,2.9834710743801653,121.0,361.0
Meghalaya,Sugarcane,2018,2.992,125.0,374.0
Meghalaya,Sugarcane,2019,3.0,128.0,384.0
Meghalaya,Wheat,1997,1.6081175647305808,4287.0,6894.0
Meghalaya,Wheat,1998,1.6323769535805925,4287.0,6998.0
Meghalaya,Wheat,2000,1.6351126927639383,4215.0,6892.0
Meghalaya,Wheat,2001,1.7479113694151835,2753.0,4812.0
Meghalaya,Wheat,2002,1.7483419307295505,2714.0,4745.0
Meghalaya,Wheat,2003,1.7865429234338748,862.0,1540.0
Meghalaya,Wheat,2004,1.8122827346465817,863.0,1564.0
Meghalaya,Wheat,2005,1.7880597014925372,670.0,1198.0
Meghalaya,Wheat,2006,1.8033536585365855,656.0,1183.0
Meghalaya,Wheat,2007,1.8006430868167203,622.0,1120.0
Meghalaya,Wheat,2008,1.7764423076923077,416.0,739.0
Meghalaya,Wheat,2009,1.7728395061728395,405.0,718.0
Meghalaya,Wheat,2010,1.7913486005089059,393.0,704.0
Meghalaya,Wheat,2011,1.7974683544303798,395.0,710.0
Meghalaya,Wheat,2012,1.8275862068965518,406.0,742.0
Meghalaya,Wheat,2013,1.8696682464454977,422.0,789.0
Meghalaya,Wheat,2014,1.909502262443439,442.0,844.0
Meghalaya,Wheat,2015,1.953125,448.0,875.0
Meghalaya,Wheat,2016,1.9254385964912282,456.0,878.0
Meghalaya,Wheat,2017,1.9282608695652175,460.0,887.0
Meghalaya,Wheat,2018,1.9307359307359306,462.0,892.0
Meghalaya,Wheat,2019,1.9353448275862069,464.0,898.0
Mizoram,Gram,2003,0.9347826086956522,46.0,43.0
Mizoram,Lentil,2000,0.8,10.0,8.0
Mizoram,Lentil,2001,1.2666666666666666,45.0,57.0
Mizoram,Lentil,2002,1.1341463414634145,82.0,93.0
Mizoram,Lentil,2003,0.7272727272727273,11.0,8.0
Mizoram,Lentil,2004,0.7272727272727273,16.5,12.0
Mizoram,Lentil,2005,1.0,10.0,10.0
Mizoram,Maize,1997,1.9974576271186442,8260.0,16499.0
Mizoram,Maize,1998,1.9109549591060937,8681.0,16589.0
Mizoram,Maize,1999,1.838544627629335,5277.0,9702.0
Mizoram,Maize,2000,2.4741833508956796,6643.0,16436.0
Mizoram,Maize,2001,2.256337264470652,7377.0,16645.0
Mizoram,Maize,2002,1.9867806115636266,7489.0,14879.0
Mizoram,Maize,2003,1.9351206945902109,10481.0,20282.0
Mizoram,Maize,2004,1.8837585681645088,10504.0,19787.0
Mizoram,Maize,2005,1.933486629194345,11742.0,22703.0
Mizoram,Maize,2006,1.9460788863109049,10775.0,20969.0
Mizoram,Maize,2007,0.09948144104803494,7328.0,729.0
Mizoram,Maize,2008,0.9748901443816698,9558.0,9318.0
Mizoram,Maize,2009,1.3460413986668225,8551.0,11510.0
Mizoram,Maize,2010,1.4991671293725708,9005.0,13500.0
Mizoram,Maize,2011,1.216220130340333,6905.0,8398.0
Mizoram,Maize,2012,1.3058686358336573,6175.2,8064.0
Mizoram,Maize,2013,1.419126532021405,5793.0,8221.0
Mizoram,Maize,2014,1.5143107989464442,5695.0,8624.0
Mizoram,Maize,2015,1.7517440871192786,5877.0,10295.0
Mizoram,Maize,2016,1.54196227721059,5779.0,8911.0
Mizoram,Maize,2017,1.5841584158415842,5979.2,9472.0
Mizoram,Maize,2018,1.7799772837903618,6163.0,10970.0
Mizoram,Maize,2019,1.8366126239571856,6353.0,11668.0
Mizoram,Rapeseed and Mustard,1997,0.7209396516808424,2469.0,1780.0
Mizoram,Rapeseed and Mustard,1999,0.6826241134751773,2256.0,1540.0
Mizoram,Rapeseed and Mustard,2000,0.852233676975945,2328.0,1984.0
Mizoram,Rapeseed and Mustard,2001,0.8712910986367282,2494.0,2173.0
Mizoram,Rapeseed and Mustard,2002,0.720019579050416,2043.0,1471.0
Mizoram,Rapeseed and Mustard,2004,0.5967834577828834,1741.0,1039.0
Mizoram,Rapeseed and Mustard,2005,0.6666666666666666,1800.0,1200.0
Mizoram,Rapeseed and Mustard,2010,0.8015873015873016,378.0,303.0
Mizoram,Rapeseed and Mustard,2011,0.9173333333333333,375.0,344.0
Mizoram,Rapeseed and Mustard,2012,0.6931034482758621,290.0,201.0
Mizoram,Rapeseed and Mustard,2013,1.1045751633986929,306.0,338.0
Mizoram,Rapeseed and Mustard,2014,1.0225806451612902,310.0,317.0
Mizoram,Rapeseed and Mustard,2015,0.9340511440107672,743.0,694.0
Mizoram,Rapeseed and Mustard,2016,1.0030674846625767,326.0,327.0
Mizoram,Rapeseed and Mustard,2017,1.0023980815347722,417.0,418.0
Mizoram,Rapeseed and Mustard,2018,0.776937618147448,529.0,411.0
Mizoram,Rapeseed and Mustard,2019,0.7456445993031359,574.0,428.0
Mizoram,Rice,1997,1.6233520274833368,68114.0,110573.0
Mizoram,Rice,1998,1.6202626038133114,68392.0,110813.0
Mizoram,Rice,1999,1.7781465612616418,49713.0,88397.0
Mizoram,Rice,2000,1.9999035475221358,51839.0,103673.0
Mizoram,Rice,2001,1.8917859699355761,55880.0,105713.0
Mizoram,Rice,2002,1.913627840958873,57067.0,109205.0
Mizoram,Rice,2003,1.936448408676262,59196.0,114630.0
Mizoram,Rice,2004,1.8859595340282036,57085.0,107660.0
Mizoram,Rice,2005,1.9082536308891251,56460.0,107740.0
Mizoram,Rice,2006,0.5574918166165257,52851.0,29464.0
Mizoram,Rice,2007,0.2876368236739334,54541.0,15688.0
Mizoram,Rice,2008,1.3255818426620505,51990.0,68917.0
Mizoram,Rice,2009,1.4009617828997543,47204.0,66131.0
Mizoram,Rice,2010,1.159982306104394,40692.0,47202.0
Mizoram,Rice,2011,1.3571172003284073,38976.0,52895.0
Mizoram,Rice,2012,1.4666259976615321,39342.0,57700.0
Mizoram,Rice,2013,1.5203463649717806,38803.0,58994.0
Mizoram,Rice,2014,1.6430815055510426,36930.0,60679.0
Mizoram,Rice,2015,1.6711705649611068,37153.0,62089.0
Mizoram,Rice,2016,1.668999945737696,36858.0,61516.0
Mizoram,Rice,2017,1.6505142021697838,36114.2,59607.0
Mizoram,Rice,2018,1.6880450070323487,35550.0,60010.0
Mizoram,Rice,2019,1.7108491905708605,35210.0,60239.0
Mizoram,Sugarcane,1997,5.980830670926518,1252.0,7488.0
Mizoram,Sugarcane,1998,6.250397456279809,1258.0,7863.0
Mizoram,Sugarcane,1999,2.0323014804845223,743.0,1510.0
Mizoram,Sugarcane,2000,6.68172268907563,952.0,6361.0
Mizoram,Sugarcane,2001,6.786802030456853,1379.0,9359.0
Mizoram,Sugarcane,2002,5.432846715328467,1370.0,7443.0
Mizoram,Sugarcane,2003,25.96841349605169,1393.0,36174.0
Mizoram,Sugarcane,2005,33.22704266088214,1383.0,45953.0
Mizoram,Sugarcane,2006,9.0955223880597,1340.0,12188.0
Mizoram,Sugarcane,2007,0.9377123442808607,883.0,828.0
Mizoram,Sugarcane,2008,10.205663189269746,1342.0,13696.0
Mizoram,Sugarcane,2009,8.624825662482566,1434.0,12368.0
Mizoram,Sugarcane,2010,5.571227080394922,1418.0,7900.0
Mizoram,Sugarcane,2011,5.0970608339029395,1463.0,7457.0
Mizoram,Sugarcane,2012,5.136054421768708,1323.0,6795.0
Mizoram,Sugarcane,2013,4.911330049261084,1421.0,6979.0
Mizoram,Sugarcane,2014,29.98441734417344,1476.0,44257.0
Mizoram,Sugarcane,2015,33.249027237354085,1542.0,51270.0
Mizoram,Sugarcane,2016,31.821158690176322,1588.0,50532.0
Mizoram,Sugarcane,2017,28.76315114190403,1558.8,44836.0
Mizoram,Sugarcane,2018,30.27359781121751,1462.0,44260.0
Mizoram,Sugarcane,2019,31.908719346049047,1468.0,46842.0
Mizoram,Wheat,1997,0.5,22.0,11.0
Mizoram,Wheat,1998,0.8727272727272727,55.0,48.0
Mizoram,Wheat,1999,0.8837209302325582,43.0,38.0
Mizoram,Wheat,2004,1.3333333333333333,3.0,4.0
Nagaland,Bajra,1997,0.7070707070707071,990.0,700.0
Nagaland,Bajra,1999,0.8333333333333334,1500.0,1250.0
Nagaland,Bajra,2000,0.8333333333333334,1500.0,1250.0
Nagaland,Bajra,2001,0.6666666666666666,1500.0,1000.0
Nagaland,Bajra,2002,2.0,2000.0,4000.0
Nagaland,Bajra,2003,1.6666666666666667,3000.0,5000.0
Nagaland,Bajra,2004,1.492537313432836,2680.0,4000.0
Nagaland,Bajra,2005,1.0262295081967212,3050.0,3130.0
Nagaland,Bajra,2009,0.69,1000.0,690.0
Nagaland,Bajra,2010,0.8615384615384616,650.0,560.0
Nagaland,Bajra,2011,0.8615384615384616,650.0,560.0
Nagaland,Bajra,2012,1.0147058823529411,680.0,690.0
Nagaland,Bajra,2013,1.0144927536231885,690.0,700.0
Nagaland,Bajra,2014,1.0144927536231885,690.0,700.0
Nagaland,Bajra,2015,1.0144927536231885,690.0,700.0
Nagaland,Bajra,2016,1.0144927536231885,690.0,700.0
Nagaland,Bajra,2017,1.0142857142857142,700.0,710.0
Nagaland,Bajra,2018,1.0140845070422535,710.0,720.0
Nagaland,Bajra,2019,1.0140845070422535,710.0,720.0
Nagaland,Gram,1999,0.5930232558139535,1720.0,1020.0
Nagaland,Gram,2000,0.8,1000.0,800.0
Nagaland,Gram,2001,1.0,1000.0,1000.0
Nagaland,Gram,2002,0.75,1000.0,750.0
Nagaland,Gram,2003,1.3333333333333333,1500.0,2000.0
Nagaland,Gram,2004,0.7352941176470589,1360.0,1000.0
Nagaland,Gram,2005,1.0,400.0,400.0
Nagaland,Gram,2006,1.3055555555555556,360.0,470.0
Nagaland,Gram,2008,0.8,250.0,200.0
Nagaland,Gram,2009,0.7017543859649122,570.0,400.0
Nagaland,Gram,2010,0.7083333333333334,720.0,510.0
Nagaland,Gram,2011,0.72,750.0,540.0
Nagaland,Gram,2012,0.8421052631578947,760.0,640.0
Nagaland,Gram,2013,0.8378378378378378,740.0,620.0
Nagaland,Gram,2015,0.8441558441558441,770.0,650.0
Nagaland,Gram,2016,0.8266666666666667,750.0,620.0
Nagaland,Gram,2017,0.8461538461538461,780.0,660.0
Nagaland,Gram,2018,0.8421052631578947,760.0,640.0
Nagaland,Gram,2019,0.8421052631578947,760.0,640.0
Nagaland,Lentil,2003,0.428,2500.0,1070.0
Nagaland,Lentil,2004,0.43478260869565216,2530.0,1100.0
Nagaland,Lentil,2005,1.9642857142857142,2800.0,5500.0
Nagaland,Lentil,2006,1.1858108108108107,2960.0,3510.0
Nagaland,Lentil,2008,0.6984126984126984,1260.0,880.0
Nagaland,Lentil,2009,0.7120418848167539,1910.0,1360.0
Nagaland,Lentil,2010,0.7614213197969543,1970.0,1500.0
Nagaland,Lentil,2011,0.7638190954773869,1990.0,1520.0
Nagaland,Lentil,2012,0.8146341463414634,2050.0,1670.0
Nagaland,Lentil,2013,0.8115942028985508,2070.0,1680.0
Nagaland,Lentil,2014,0.8199052132701422,2110.0,1730.0
Nagaland,Lentil,2015,0.8403755868544601,2130.0,1790.0
Nagaland,Lentil,2016,0.8173076923076923,2080.0,1700.0
Nagaland,Lentil,2017,0.822429906542056,2140.0,1760.0
Nagaland,Lentil,2018,0.8211009174311926,2180.0,1790.0
Nagaland,Lentil,2019,0.8235294117647058,2210.0,1820.0
Nagaland,Maize,1997,1.0,30000.0,30000.0
Nagaland,Maize,1998,1.2333333333333334,30000.0,37000.0
Nagaland,Maize,1999,1.3213728549141965,32050.0,42350.0
Nagaland,Maize,2000,1.5,35000.0,52500.0
Nagaland,Maize,2001,2.0,45000.0,90000.0
Nagaland,Maize,2002,2.0,40000.0,80000.0
Nagaland,Maize,2003,1.7337173238812582,45140.0,78260.0
Nagaland,Maize,2004,1.7995689655172413,46400.0,83500.0
Nagaland,Maize,2005,1.8,51600.0,92880.0
Nagaland,Maize,2006,1.6744976816074189,64700.0,108340.0
Nagaland,Maize,2007,1.812225015713388,63640.0,115330.0
Nagaland,Maize,2008,1.8,64400.0,115920.0
Nagaland,Maize,2009,1.0747430249632892,68100.0,73190.0
Nagaland,Maize,2010,1.958205465439135,68430.0,134000.0
Nagaland,Maize,2011,1.9600116754232342,68520.0,134300.0
Nagaland,Maize,2012,1.960827144313383,68670.0,134650.0
Nagaland,Maize,2013,1.9691770863623146,68780.0,135440.0
Nagaland,Maize,2014,1.975297878523685,68820.0,135940.0
Nagaland,Maize,2015,1.9788129444202582,68910.0,136360.0
Nagaland,Maize,2016,1.9799883990719258,68960.0,136540.0
Nagaland,Maize,2017,1.982031589624692,69010.0,136780.0
Nagaland,Maize,2018,1.9820471984942811,69070.0,136900.0
Nagaland,Maize,2019,1.9840879502386808,69130.0,137160.0
Nagaland,Rapeseed and Mustard,1999,1.0,1400.0,1400.0
Nagaland,Rapeseed and Mustard,2000,0.8,15000.0,12000.0
Nagaland,Rapeseed and Mustard,2001,0.961875,16000.0,15390.0
Nagaland,Rapeseed and Mustard,2002,1.1119536128456735,15694.0,17451.0
Nagaland,Rapeseed and Mustard,2003,0.8,16000.0,12800.0
Nagaland,Rapeseed and Mustard,2004,0.7781997721230536,26330.0,20490.0
Nagaland,Rapeseed and Mustard,2005,0.8001511144692104,26470.0,21180.0
Nagaland,Rapeseed and Mustard,2006,0.7509090909090909,27500.0,20650.0
Nagaland,Rapeseed and Mustard,2007,0.7252268602540834,27550.0,19980.0
Nagaland,Rapeseed and Mustard,2008,1.0,26620.0,26620.0
Nagaland,Rapeseed and Mustard,2009,0.7999658644819935,58590.0,46870.0
Nagaland,Rapeseed and Mustard,2010,1.001109057301294,27050.0,27080.0
Nagaland,Rapeseed and Mustard,2011,1.0047935103244838,27120.0,27250.0
Nagaland,Rapeseed and Mustard,2012,1.0092013249907987,27170.0,27420.0
Nagaland,Rapeseed and Mustard,2013,1.0103016924208976,27180.0,27460.0
Nagaland,Rapeseed and Mustard,2014,1.0117302052785924,27280.0,27600.0
Nagaland,Rapeseed and Mustard,2015,1.0108932461873639,27540.0,27840.0
Nagaland,Rapeseed and Mustard,2016,1.013138686131387,27400.0,27760.0
Nagaland,Rapeseed and Mustard,2017,1.0123861566484518,27450.0,27790.0
Nagaland,Rapeseed and Mustard,2018,1.0120131052056789,27470.0,27800.0
Nagaland,Rapeseed and Mustard,2019,1.0120043652237176,27490.0,27820.0
Nagaland,Rice,1997,1.296487603305785,145200.0,188250.0
Nagaland,Rice,1998,1.4539007092198581,141000.0,205000.0
Nagaland,Rice,1999,1.5,148000.0,222000.0
Nagaland,Rice,2000,1.5383043248945147,151680.0,233330.0
Nagaland,Rice,2001,1.5143769968051117,156500.0,237000.0
Nagaland,Rice,2002,1.4893333333333334,150000.0,223400.0
Nagaland,Rice,2003,1.429423076923077,156000.0,222990.0
Nagaland,Rice,2004,1.6996753246753247,154000.0,261750.0
Nagaland,Rice,2005,1.682225063938619,156400.0,263100.0
Nagaland,Rice,2006,1.6001943162496963,164680.0,263520.0
Nagaland,Rice,2007,1.8585074626865672,167500.0,311300.0
Nagaland,Rice,2008,1.9935875216637782,173100.0,345090.0
Nagaland,Rice,2009,1.4255798777955746,168570.0,240310.0
Nagaland,Rice,2010,2.1024312255361375,181390.0,381360.0
Nagaland,Rice,2011,2.1058486617468883,181580.0,382380.0
Nagaland,Rice,2012,2.210112911143839,183330.0,405180.0
Nagaland,Rice,2013,2.2674688621490393,189480.0,429640.0
Nagaland,Rice,2014,2.3263163286211843,195240.0,454190.0
Nagaland,Rice,2015,2.4238045336716123,181310.0,439460.0
Nagaland,Rice,2016,2.4439175457272815,206660.0,505060.0
Nagaland,Rice,2017,2.4737735849056603,212000.0,524440.0
Nagaland,Rice,2018,2.494940545581721,214450.0,535040.0
Nagaland,Rice,2019,2.5119612814012444,216950.0,544970.0
Nagaland,Sugarcane,1999,50.0,600.0,30000.0
Nagaland,Sugarcane,2000,50.0,700.0,35000.0
Nagaland,Sugarcane,2001,48.0,1000.0,48000.0
Nagaland,Sugarcane,2002,40.0,2000.0,80000.0
Nagaland,Sugarcane,2003,46.03214285714286,2800.0,128890.0
Nagaland,Sugarcane,2004,47.68456375838926,2980.0,142100.0
Nagaland,Sugarcane,2005,47.710407239819006,4420.0,210880.0
Nagaland,Sugarcane,2006,48.82045929018789,4790.0,233850.0
Nagaland,Sugarcane,2007,55.08,4000.0,220320.0
Nagaland,Sugarcane,2008,43.0,4320.0,185760.0
Nagaland,Sugarcane,2009,30.035363457760315,5090.0,152880.0
Nagaland,Sugarcane,2010,43.510588235294115,4250.0,184920.0
Nagaland,Sugarcane,2011,43.51282051282051,4290.0,186670.0
Nagaland,Sugarcane,2012,43.519721577726216,4310.0,187570.0
Nagaland,Sugarcane,2014,43.52413793103448,4350.0,189330.0
Nagaland,Sugarcane,2015,43.52402745995423,4370.0,190200.0
Nagaland,Sugarcane,2016,43.52714932126697,4420.0,192390.0
Nagaland,Sugarcane,2017,43.51015801354402,4430.0,192750.0
Nagaland,Sugarcane,2018,43.509009009009006,4440.0,193180.0
Nagaland,Sugarcane,2019,43.51011235955056,4450.0,193620.0
Nagaland,Wheat,1998,3.0,1000.0,3000.0
Nagaland,Wheat,2000,2.0,5000.0,10000.0
Nagaland,Wheat,2001,2.058333333333333,6000.0,12350.0
Nagaland,Wheat,2002,2.0679738562091505,7650.0,15820.0
Nagaland,Wheat,2003,1.95,10000.0,19500.0
Nagaland,Wheat,2004,1.5853658536585367,8200.0,13000.0
Nagaland,Wheat,2005,1.6,1200.0,1920.0
Nagaland,Wheat,2006,0.8333333333333334,1500.0,1250.0
Nagaland,Wheat,2007,1.565217391304348,1150.0,1800.0
Nagaland,Wheat,2008,1.5,1380.0,2070.0
Nagaland,Wheat,2009,1.199004975124378,2010.0,2410.0
Nagaland,Wheat,2010,1.7115384615384615,3120.0,5340.0
Nagaland,Wheat,2011,1.711111111111111,3150.0,5390.0
Nagaland,Wheat,2012,1.801223241590214,3270.0,5890.0
Nagaland,Wheat,2013,1.8233333333333333,3000.0,5470.0
Nagaland,Wheat,2014,1.8241042345276872,3070.0,5600.0
Nagaland,Wheat,2015,1.8307692307692307,3250.0,5950.0
Nagaland,Wheat,2016,1.8402366863905326,3380.0,6220.0
Nagaland,Wheat,2017,1.8357771260997067,3410.0,6260.0
Nagaland,Wheat,2018,1.8304093567251463,3420.0,6260.0
Nagaland,Wheat,2019,1.8309037900874636,3430.0,6280.0
Odisha,Bajra,1999,0.5860349127182045,4010.0,2350.0
Odisha,Bajra,2000,0.5703883495145631,4120.0,2350.0
Odisha,Bajra,2001,0.5660847880299252,4010.0,2270.0
Odisha,Bajra,2002,0.48404255319148937,3760.0,1820.0
Odisha,Bajra,2003,0.5259938837920489,3270.0,1720.0
Odisha,Bajra,2004,0.5099841521394611,3155.0,1609.0
Odisha,Bajra,2019,0.6203208556149733,1870.0,1160.0
Odisha,Gram,1999,0.6042844391550134,33610.0,20310.0
Odisha,Gram,2000,0.6185167232186136,20630.0,12760.0
Odisha,Gram,2001,0.6497289972899729,29520.0,19180.0
Odisha,Gram,2002,0.6188212927756654,21040.0,13020.0
Odisha,Gram,2003,0.6184809240462024,28570.0,17670.0
Odisha,Gram,2004,0.6268586338059162,31811.0,19941.0
Odisha,Gram,2019,0.7789360172537743,27820.0,21670.0
Odisha,Lentil,1999,0.4714926329276105,15610.0,7360.0
Odisha,Lentil,2001,0.36973833902161546,8790.0,3250.0
Odisha,Lentil,2002,0.3674540682414698,3810.0,1400.0
Odisha,Lentil,2003,0.41467576791808874,5860.0,2430.0
Odisha,Lentil,2004,0.3971153846153846,10400.0,4130.0
Odisha,Lentil,2019,0.5289079229122056,9340.0,4940.0
Odisha,Maize,1997,1.2238638737489793,52657.0,64445.0
Odisha,Maize,1998,1.3030065000098188,50923.0,66353.0
Odisha,Maize,1999,1.247983870967742,173600.0,216650.0
Odisha,Maize,2000,1.2665943241801696,54371.0,68866.0
Odisha,Maize,2001,0.9072489694329937,51428.0,46658.0
Odisha,Maize,2002,0.9837587006960556,43100.0,42400.0
Odisha,Maize,2003,1.398433103925897,69309.0,96924.0
Odisha,Maize,2004,1.6408450704225352,62338.0,102287.0
Odisha,Maize,2005,1.602591724723607,63587.0,101904.0
Odisha,Maize,2006,1.678407050758936,61270.0,102836.0
Odisha,Maize,2007,1.986944605705491,74069.0,147171.0
Odisha,Maize,2008,2.00981840428548,67017.0,134692.0
Odisha,Maize,2009,2.156398629833165,81158.0,175009.0
Odisha,Maize,2010,2.5501297193964634,117176.0,298814.0
Odisha,Maize,2011,2.0628706422196728,102862.0,212191.0
Odisha,Maize,2012,2.4076057620050593,94481.0,227473.0
Odisha,Maize,2013,2.7712393566698204,95130.0,263628.0
Odisha,Maize,2014,2.0531724559259907,91664.0,188202.0
Odisha,Maize,2015,1.9964739957184234,55587.0,110978.0
Odisha,Maize,2016,2.8272689598010774,72390.0,204666.0
Odisha,Maize,2017,2.512653913339866,46942.0,117949.0
Odisha,Maize,2018,2.3239701813710423,52048.0,120958.0
Odisha,Maize,2019,2.9047794682649455,65070.0,189014.0
Odisha,Rapeseed and Mustard,1998,0.12491456810893223,19021.0,2376.0
Odisha,Rapeseed and Mustard,1999,0.3277955271565495,125200.0,41040.0
Odisha,Rapeseed and Mustard,2000,0.13303751512706738,12395.0,1649.0
Odisha,Rapeseed and Mustard,2001,0.1570732396355675,14159.0,2224.0
Odisha,Rapeseed and Mustard,2002,0.13155088985483473,12193.0,1604.0
Odisha,Rapeseed and Mustard,2003,0.19268246683849877,15907.0,3065.0
Odisha,Rapeseed and Mustard,2004,0.19094748786484272,15863.0,3029.0
Odisha,Rapeseed and Mustard,2005,0.19136831216596747,17401.0,3330.0
Odisha,Rapeseed and Mustard,2006,0.170041553987204,15161.0,2578.0
Odisha,Rapeseed and Mustard,2007,0.20347519516494586,15884.0,3232.0
Odisha,Rapeseed and Mustard,2008,0.18396913220733838,13736.0,2527.0
Odisha,Rapeseed and Mustard,2009,0.2130675181060665,12841.0,2736.0
Odisha,Rapeseed and Mustard,2010,0.21004709576138147,15925.0,3345.0
Odisha,Rapeseed and Mustard,2011,0.2122883405902274,10335.0,2194.0
Odisha,Rapeseed and Mustard,2012,0.2755109015104914,14631.0,4031.0
Odisha,Rapeseed and Mustard,2013,0.2690819818479393,13442.0,3617.0
Odisha,Rapeseed and Mustard,2014,0.24439173831406266,10119.0,2473.0
Odisha,Rapeseed and Mustard,2015,0.2048440065681445,7308.0,1497.0
Odisha,Rapeseed and Mustard,2016,0.34584450402144773,9698.0,3354.0
Odisha,Rapeseed and Mustard,2017,0.3258959537572254,8650.0,2819.0
Odisha,Rapeseed and Mustard,2018,0.2752948994849643,6019.0,1657.0
Odisha,Rapeseed and Mustard,2019,0.29329689298043726,6952.0,2039.0
Odisha,Rice,1998,1.2124285961338184,4446713.0,5391322.0
Odisha,Rice,1999,1.1271738728891458,4601810.0,5187040.0
Odisha,Rice,2000,1.040568216676591,4433520.0,4613380.0
Odisha,Rice,2001,1.6044444444444443,4500000.0,7220000.0
Odisha,Rice,2002,0.7671425228176925,4273000.0,3278000.0
Odisha,Rice,2003,1.5109975560986448,4501000.0,6801000.0
Odisha,Rice,2004,1.4550311665182547,4492000.0,6536000.0
Odisha,Rice,2005,1.5311453449430676,4479000.0,6858000.0
Odisha,Rice,2006,1.5329139519209167,4451000.0,6823000.0
Odisha,Rice,2007,1.693620844564241,4452000.0,7540000.0
Odisha,Rice,2008,1.5290684624017958,4455000.0,6812000.0
Odisha,Rice,2009,1.583734249713631,4365000.0,6913000.0
Odisha,Rice,2010,1.614765735920492,4226000.0,6824000.0
Odisha,Rice,2011,1.4496878901373282,4005000.0,5806000.0
Odisha,Rice,2012,0.7671675553401196,12378000.0,9496000.0
Odisha,Rice,2013,1.8205741626794258,4180000.0,7610000.0
Odisha,Rice,2014,2.3619779164666346,4166000.0,9840000.0
Odisha,Rice,2015,1.4901065449010655,3942000.0,5874000.0
Odisha,Rice,2016,2.4715755101216823,3962780.0,9794310.0
Odisha,Rice,2017,1.739429533319704,3766390.0,6551370.0
Odisha,Rice,2018,2.003852910540962,3859420.0,7733710.0
Odisha,Rice,2019,2.475454930710456,3940710.0,9755050.0
Odisha,Rice,2021,2353.0,,
Odisha,Rice,2022,2030.0,,
Odisha,Rice,2023,2081.0,,
Odisha,Sugarcane,1997,61.236056096777645,18682.0,1144012.0
Odisha,Sugarcane,1998,65.8243673012318,22325.0,1469529.0
Odisha,Sugarcane,1999,58.99031320632871,30970.0,1826930.0
Odisha,Sugarcane,2000,57.461520119225035,16775.0,963917.0
Odisha,Sugarcane,2001,58.610029122679286,10988.0,644007.0
Odisha,Sugarcane,2002,53.12788319108415,14177.0,753194.0
Odisha,Sugarcane,2003,58.91493305870237,14565.0,858096.0
Odisha,Sugarcane,2004,63.929656219798424,14486.0,926085.0
Odisha,Sugarcane,2005,65.69991427871663,16332.0,1073011.0
Odisha,Sugarcane,2006,63.41736750435432,20095.0,1274372.0
Odisha,Sugarcane,2007,53.949644280740706,19819.0,1069228.0
Odisha,Sugarcane,2008,60.0430177459816,10763.0,646243.0
Odisha,Sugarcane,2009,61.48857931726908,7968.0,489941.0
Odisha,Sugarcane,2010,68.68817531578146,13142.0,902700.0
Odisha,Sugarcane,2011,61.01910476584592,14499.0,884716.0
Odisha,Sugarcane,2012,65.54507914659325,14530.0,952370.0
Odisha,Sugarcane,2013,65.89136705832688,14213.0,936514.0
Odisha,Sugarcane,2014,71.9510301582562,10047.0,722892.0
Odisha,Sugarcane,2015,64.40058022762776,8962.0,577158.0
Odisha,Sugarcane,2016,62.67868195885673,5493.0,344294.0
Odisha,Sugarcane,2017,64.70374360355508,3713.0,240245.0
Odisha,Sugarcane,2018,61.621717320743585,6778.0,417672.0
Odisha,Sugarcane,2019,56.42266428252123,8948.0,504870.0
Odisha,Wheat,1997,1.2320805889190236,5162.0,6360.0
Odisha,Wheat,1998,1.1481385729058946,3868.0,4441.0
Odisha,Wheat,1999,1.3403451995685005,18540.0,24850.0
Odisha,Wheat,2000,1.463204444948407,8819.0,12904.0
Odisha,Wheat,2001,1.5144782110091743,6976.0,10565.0
Odisha,Wheat,2002,1.246379943808083,4627.0,5767.0
Odisha,Wheat,2003,1.4655878338857478,5129.0,7517.0
Odisha,Wheat,2004,1.3105574740996546,4054.0,5313.0
Odisha,Wheat,2005,1.3693528693528694,3276.0,4486.0
Odisha,Wheat,2006,1.4827498083312036,3913.0,5802.0
Odisha,Wheat,2007,1.571917808219178,5548.0,8721.0
Odisha,Wheat,2008,1.4023163090943611,5267.0,7386.0
Odisha,Wheat,2009,1.4476715072608914,3994.0,5782.0
Odisha,Wheat,2010,1.4616730836541827,2857.0,4176.0
Odisha,Wheat,2011,1.6399726214921286,1461.0,2396.0
Odisha,Wheat,2012,1.8999037536092396,1039.0,1974.0
Odisha,Wheat,2013,1.5766961651917404,678.0,1069.0
Odisha,Wheat,2014,1.6327543424317619,403.0,658.0
Odisha,Wheat,2015,1.3460490463215258,367.0,494.0
Odisha,Wheat,2016,1.4035087719298245,57.0,80.0
Odisha,Wheat,2017,2.164383561643836,73.0,158.0
Odisha,Wheat,2018,1.8231292517006803,147.0,268.0
Odisha,Wheat,2019,1.3898305084745763,118.0,164.0
Puducherry,Bajra,1998,2.174496644295302,149.0,324.0
Puducherry,Bajra,1999,2.764705882352941,170.0,470.0
Puducherry,Bajra,2000,2.7580645161290325,186.0,513.0
Puducherry,Bajra,2001,2.1296296296296298,162.0,345.0
Puducherry,Bajra,2002,1.9178743961352658,207.0,397.0
Puducherry,Bajra,2003,1.9441624365482233,197.0,383.0
Puducherry,Bajra,2007,2.078125,64.0,133.0
Puducherry,Bajra,2008,1.8181818181818181,55.0,100.0
Puducherry,Bajra,2009,1.85,60.0,111.0
Puducherry,Bajra,2010,2.323529411764706,34.0,79.0
Puducherry,Bajra,2011,2.5806451612903225,31.0,80.0
Puducherry,Bajra,2012,3.0,21.0,63.0
Puducherry,Bajra,2013,2.5833333333333335,12.0,31.0
Puducherry,Bajra,2014,1.8333333333333333,6.0,11.0
Puducherry,Bajra,2015,2.4285714285714284,7.0,17.0
Puducherry,Bajra,2016,1.3125,16.0,21.0
Puducherry,Bajra,2017,2.7857142857142856,14.0,39.0
Puducherry,Bajra,2018,2.5454545454545454,11.0,28.0
Puducherry,Bajra,2019,2.590909090909091,22.0,57.0
Puducherry,Rapeseed and Mustard,1999,7.546875,64.0,483.0
Puducherry,Rapeseed and Mustard,2000,7.174603174603175,63.0,452.0
Puducherry,Rapeseed and Mustard,2001,7.464788732394366,71.0,530.0
Puducherry,Rice,1998,2.298797823085046,24622.0,56601.0
Puducherry,Rice,1999,2.335835560446471,25444.0,59433.0
Puducherry,Rice,2000,2.421889244722878,42779.0,103606.0
Puducherry,Rice,2001,2.546091459467692,26263.0,66868.0
Puducherry,Rice,2002,2.382321265843758,24142.0,57514.0
Puducherry,Rice,2003,2.6731697586275684,25065.0,67003.0
Puducherry,Rice,2004,2.4589477076786723,24822.0,61036.0
Puducherry,Rice,2005,2.3388004362050165,22925.0,53617.0
Puducherry,Rice,2006,2.8093324093324092,21645.0,60808.0
Puducherry,Rice,2007,2.609189215638303,20437.0,53324.0
Puducherry,Rice,2008,2.440615976900866,20780.0,50716.0
Puducherry,Rice,2009,2.500716811621906,20926.0,52330.0
Puducherry,Rice,2010,2.596182672129509,20014.0,51960.0
Puducherry,Rice,2011,2.5406611969111967,16576.0,42114.0
Puducherry,Rice,2012,2.857256925250292,16281.0,46519.0
Puducherry,Rice,2013,3.147010491720389,15822.0,49792.0
Puducherry,Rice,2014,3.1654257235498977,16654.0,52717.0
Puducherry,Rice,2015,2.698518108590051,16263.0,43886.0
Puducherry,Rice,2016,3.2190064794816413,16205.0,52164.0
Puducherry,Rice,2017,3.2230153704449944,17371.0,55987.0
Puducherry,Rice,2018,3.5464419685347965,17861.0,63343.0
Puducherry,Rice,2019,3.2539203860072377,18238.0,59345.0
Puducherry,Sugarcane,1998,85.7450184501845,2710.0,232369.0
Puducherry,Sugarcane,1999,84.92137240886348,2798.0,237610.0
Puducherry,Sugarcane,2000,81.3364448051948,2464.0,200413.0
Puducherry,Sugarcane,2001,93.25082664147378,2117.0,197412.0
Puducherry,Sugarcane,2002,89.91244635193134,2330.0,209496.0
Puducherry,Sugarcane,2003,84.63646855164454,1733.0,146675.0
Puducherry,Sugarcane,2004,76.2623599208965,1517.0,115690.0
Puducherry,Sugarcane,2005,142.44878513577893,2099.0,299000.0
Puducherry,Sugarcane,2006,153.4824,2500.0,383706.0
Puducherry,Sugarcane,2007,98.3280241067585,2323.0,228416.0
Puducherry,Sugarcane,2008,83.45655526992287,1945.0,162323.0
Puducherry,Sugarcane,2009,138.51764705882354,1785.0,247254.0
Puducherry,Sugarcane,2010,157.32747875354107,1765.0,277683.0
Puducherry,Sugarcane,2011,147.6577732170344,1949.0,287785.0
Puducherry,Sugarcane,2012,150.22989639861865,2027.0,304516.0
Puducherry,Sugarcane,2013,150.2302371541502,2024.0,304066.0
Puducherry,Sugarcane,2014,165.0,1921.0,316965.0
Puducherry,Sugarcane,2015,117.50027457440966,1821.0,213968.0
Puducherry,Sugarcane,2016,125.0,1677.0,209625.0
Puducherry,Sugarcane,2017,125.0,1445.0,180625.0
Puducherry,Sugarcane,2018,130.0,1444.0,187720.0
Puducherry,Sugarcane,2019,140.0,1308.0,183120.0
Punjab,Bajra,1997,1.0,8000.0,8000.0
Punjab,Bajra,1998,1.0,4000.0,4000.0
Punjab,Bajra,1999,0.8,5000.0,4000.0
Punjab,Bajra,2000,0.8333333333333334,6000.0,5000.0
Punjab,Bajra,2002,0.8571428571428571,7000.0,6000.0
Punjab,Bajra,2003,1.0,8000.0,8000.0
Punjab,Bajra,2004,1.0,7000.0,7000.0
Punjab,Bajra,2005,1.0,5000.0,5000.0
Punjab,Bajra,2006,1.0,6000.0,6000.0
Punjab,Bajra,2007,1.0,4000.0,4000.0
Punjab,Bajra,2008,1.0,5000.0,5000.0
Punjab,Bajra,2009,1.3333333333333333,3000.0,4000.0
Punjab,Bajra,2010,1.0,3000.0,3000.0
Punjab,Bajra,2011,1.0,3000.0,3000.0
Punjab,Bajra,2012,1.0,3000.0,3000.0
Punjab,Bajra,2013,1.0,800.0,800.0
Punjab,Bajra,2016,0.5833333333333334,1200.0,700.0
Punjab,Bajra,2017,0.6,1000.0,600.0
Punjab,Bajra,2018,0.6363636363636364,1100.0,700.0
Punjab,Bajra,2019,0.6,500.0,300.0
Punjab,Gram,1997,0.8270676691729323,13300.0,11000.0
Punjab,Gram,1998,0.6842105263157895,15200.0,10400.0
Punjab,Gram,1999,0.9682539682539683,6300.0,6100.0
Punjab,Gram,2000,0.948051948051948,7700.0,7300.0
Punjab,Gram,2001,0.8732394366197183,7100.0,6200.0
Punjab,Gram,2002,0.9571428571428572,7000.0,6700.0
Punjab,Gram,2003,0.9,6000.0,5400.0
Punjab,Gram,2004,0.8627450980392157,5100.0,4400.0
Punjab,Gram,2005,0.8717948717948718,3900.0,3400.0
Punjab,Gram,2006,1.0,3800.0,3800.0
Punjab,Gram,2007,1.037037037037037,2700.0,2800.0
Punjab,Gram,2008,1.1724137931034482,2900.0,3400.0
Punjab,Gram,2009,1.1333333333333333,3000.0,3400.0
Punjab,Gram,2010,1.2857142857142858,2100.0,2700.0
Punjab,Gram,2011,1.2222222222222223,1800.0,2200.0
Punjab,Gram,2012,1.2916666666666667,2400.0,3100.0
Punjab,Gram,2013,1.2473684210526317,1900.0,2370.0
Punjab,Gram,2014,1.0833333333333333,1800.0,1950.0
Punjab,Gram,2015,1.2823529411764707,1700.0,2180.0
Punjab,Gram,2016,1.375,1600.0,2200.0
Punjab,Gram,2017,1.1764705882352942,1700.0,2000.0
Punjab,Gram,2018,1.3157894736842106,1900.0,2500.0
Punjab,Gram,2019,1.2,1500.0,1800.0
Punjab,Lentil,1997,0.6538461538461539,5200.0,3400.0
Punjab,Lentil,1998,0.6666666666666666,4800.0,3200.0
Punjab,Lentil,1999,0.6666666666666666,3900.0,2600.0
Punjab,Lentil,2000,0.6595744680851063,4700.0,3100.0
Punjab,Lentil,2001,0.6976744186046512,4300.0,3000.0
Punjab,Lentil,2002,0.675,4000.0,2700.0
Punjab,Lentil,2003,0.6388888888888888,3600.0,2300.0
Punjab,Lentil,2004,0.48484848484848486,3300.0,1600.0
Punjab,Lentil,2005,0.47368421052631576,1900.0,900.0
Punjab,Lentil,2006,0.38095238095238093,2100.0,800.0
Punjab,Lentil,2007,0.5,1200.0,600.0
Punjab,Lentil,2008,0.5454545454545454,1100.0,600.0
Punjab,Lentil,2009,0.6363636363636364,1100.0,700.0
Punjab,Lentil,2010,0.6718181818181819,1100.0,739.0
Punjab,Lentil,2011,0.72,1000.0,720.0
Punjab,Lentil,2012,0.7777777777777778,900.0,700.0
Punjab,Lentil,2013,0.7,900.0,630.0
Punjab,Lentil,2014,0.5875,800.0,470.0
Punjab,Lentil,2015,0.7,600.0,420.0
Punjab,Lentil,2016,0.5714285714285714,700.0,400.0
Punjab,Lentil,2017,0.625,800.0,500.0
Punjab,Lentil,2018,0.7142857142857143,700.0,500.0
Punjab,Lentil,2019,0.5,800.0,400.0
Punjab,Maize,1997,2.090909090909091,165000.0,345000.0
Punjab,Maize,1998,2.2857142857142856,154000.0,352000.0
Punjab,Maize,1999,2.574074074074074,162000.0,417000.0
Punjab,Maize,2000,2.793939393939394,165000.0,461000.0
Punjab,Maize,2001,2.721212121212121,165000.0,449000.0
Punjab,Maize,2002,2.039473684210526,152000.0,310000.0
Punjab,Maize,2003,2.9805194805194803,154000.0,459000.0
Punjab,Maize,2004,2.74025974025974,154000.0,422000.0
Punjab,Maize,2005,2.722972972972973,148000.0,403000.0
Punjab,Maize,2006,3.1233766233766236,154000.0,481000.0
Punjab,Maize,2007,3.4052287581699345,153000.0,521000.0
Punjab,Maize,2008,3.403973509933775,151000.0,514000.0
Punjab,Maize,2009,3.41726618705036,139000.0,475000.0
Punjab,Maize,2010,3.691729323308271,133000.0,491000.0
Punjab,Maize,2011,3.984126984126984,126000.0,502000.0
Punjab,Maize,2012,3.687022900763359,131000.0,483000.0
Punjab,Maize,2013,3.9,130000.0,507000.0
Punjab,Maize,2014,3.6507936507936507,126000.0,460000.0
Punjab,Maize,2015,3.6869565217391305,115000.0,424000.0
Punjab,Maize,2016,3.836206896551724,116000.0,445000.0
Punjab,Maize,2017,3.710526315789474,114000.0,423000.0
Punjab,Maize,2018,3.6254578754578755,109200.0,395900.0
Punjab,Maize,2019,3.582024432809773,114600.0,410500.0
Punjab,Rapeseed and Mustard,1997,0.875,72000.0,63000.0
Punjab,Rapeseed and Mustard,1998,0.9452054794520548,73000.0,69000.0
Punjab,Rapeseed and Mustard,1999,1.125,56000.0,63000.0
Punjab,Rapeseed and Mustard,2001,1.3,5000.0,6500.0
Punjab,Rapeseed and Mustard,2002,0.9090909090909091,66000.0,60000.0
Punjab,Rapeseed and Mustard,2003,1.1923076923076923,52000.0,62000.0
Punjab,Rapeseed and Mustard,2004,1.0333333333333334,60000.0,62000.0
Punjab,Rapeseed and Mustard,2005,1.1020408163265305,49000.0,54000.0
Punjab,Rapeseed and Mustard,2006,1.1219512195121952,41000.0,46000.0
Punjab,Rapeseed and Mustard,2007,1.1785714285714286,28000.0,33000.0
Punjab,Rapeseed and Mustard,2008,1.2222222222222223,27000.0,33000.0
Punjab,Rapeseed and Mustard,2009,1.3,30000.0,39000.0
Punjab,Rapeseed and Mustard,2010,1.3225806451612903,31000.0,41000.0
Punjab,Rapeseed and Mustard,2011,1.2758620689655173,29000.0,37000.0
Punjab,Rapeseed and Mustard,2012,1.303125,32000.0,41700.0
Punjab,Rapeseed and Mustard,2013,1.30625,32000.0,41800.0
Punjab,Rapeseed and Mustard,2014,1.2483870967741935,31000.0,38700.0
Punjab,Rapeseed and Mustard,2015,1.3483870967741935,31000.0,41800.0
Punjab,Rapeseed and Mustard,2016,1.413249211356467,31700.0,44800.0
Punjab,Rapeseed and Mustard,2017,1.498360655737705,30500.0,45700.0
Punjab,Rapeseed and Mustard,2018,1.5245901639344261,30500.0,46500.0
Punjab,Rapeseed and Mustard,2019,1.5,28400.0,42600.0
Punjab,Rice,1997,3.465146865409908,2281000.0,7904000.0
Punjab,Rice,1998,3.15204446208813,2519000.0,7940000.0
Punjab,Rice,1999,3.3471582181259603,2604000.0,8716000.0
Punjab,Rice,2000,3.5059364228265033,2611000.0,9154000.0
Punjab,Rice,2001,3.544833132287897,2487000.0,8816000.0
Punjab,Rice,2002,3.5098814229249014,2530000.0,8880000.0
Punjab,Rice,2003,3.693955623565417,2614000.0,9656000.0
Punjab,Rice,2004,3.7275,2800000.0,10437000.0
Punjab,Rice,2005,3.8580620741862224,2642000.0,10193000.0
Punjab,Rice,2006,3.867989317054559,2621000.0,10138000.0
Punjab,Rice,2007,4.018773946360153,2610000.0,10489000.0
Punjab,Rice,2008,4.021937842778794,2735000.0,11000000.0
Punjab,Rice,2009,4.009992862241257,2802000.0,11236000.0
Punjab,Rice,2010,3.827975980219004,2831000.0,10837000.0
Punjab,Rice,2011,3.7409510290986514,2818000.0,10542000.0
Punjab,Rice,2012,3.997893997893998,2849000.0,11390000.0
Punjab,Rice,2013,3.951946685373553,2851000.0,11267000.0
Punjab,Rice,2014,3.837940566689703,2894000.0,11107000.0
Punjab,Rice,2015,3.9741176470588235,2975000.0,11823000.0
Punjab,Rice,2016,4.1490479317137225,3046000.0,12638000.0
Punjab,Rice,2017,4.366068515497553,3065000.0,13382000.0
Punjab,Rice,2018,4.132130196583951,3103000.0,12822000.0
Punjab,Rice,2019,4.034054742202419,3142000.0,12675000.0
Punjab,Rice,2021,4340.0,,
Punjab,Rice,2022,4193.0,,
Punjab,Rice,2023,4516.0,,
Punjab,Sugarcane,1997,56.74603174603175,126000.0,7150000.0
Punjab,Sugarcane,1998,59.51456310679612,103000.0,6130000.0
Punjab,Sugarcane,1999,62.68518518518518,108000.0,6770000.0
Punjab,Sugarcane,2000,64.21487603305785,121000.0,7770000.0
Punjab,Sugarcane,2001,65.14084507042253,142000.0,9250000.0
Punjab,Sugarcane,2002,59.54248366013072,153000.0,9110000.0
Punjab,Sugarcane,2003,53.82113821138211,123000.0,6620000.0
Punjab,Sugarcane,2004,60.116279069767444,86000.0,5170000.0
Punjab,Sugarcane,2005,61.65882352941176,85000.0,5241000.0
Punjab,Sugarcane,2009,6.166666666666667,60000.0,370000.0
Punjab,Sugarcane,2011,70.6625,80000.0,5653000.0
Punjab,Sugarcane,2012,71.1219512195122,82000.0,5832000.0
Punjab,Sugarcane,2013,75.0,89000.0,6675000.0
Punjab,Sugarcane,2014,74.88297872340425,94000.0,7039000.0
Punjab,Sugarcane,2015,73.41111111111111,90000.0,6607000.0
Punjab,Sugarcane,2016,81.27272727272727,88000.0,7152000.0
Punjab,Sugarcane,2017,83.58333333333333,96000.0,8024000.0
Punjab,Sugarcane,2018,81.83157894736843,95000.0,7774000.0
Punjab,Sugarcane,2019,80.24175824175825,91000.0,7302000.0
Punjab,Sugarcane,2021,82153.0,,
Punjab,Sugarcane,2022,83123.0,,
Punjab,Sugarcane,2023,83254.0,,
Punjab,Wheat,1997,3.853030303030303,3300000.0,12715000.0
Punjab,Wheat,1998,4.33193529059317,3338000.0,14460000.0
Punjab,Wheat,1999,4.695985832349469,3388000.0,15910000.0
Punjab,Wheat,2000,4.563086854460094,3408000.0,15551000.0
Punjab,Wheat,2001,4.53187134502924,3420000.0,15499000.0
Punjab,Wheat,2002,4.2,3375000.0,14175000.0
Punjab,Wheat,2003,4.207026713124274,3444000.0,14489000.0
Punjab,Wheat,2004,4.221137277426767,3482000.0,14698000.0
Punjab,Wheat,2005,4.179065743944637,3468000.0,14493000.0
Punjab,Wheat,2006,4.209979809633689,3467000.0,14596000.0
Punjab,Wheat,2007,4.506880733944954,3488000.0,15720000.0
Punjab,Wheat,2008,4.539238315060588,3466000.0,15733000.0
Punjab,Wheat,2009,4.306927881885293,3522000.0,15169000.0
Punjab,Wheat,2010,4.692877492877493,3510000.0,16472000.0
Punjab,Wheat,2011,5.096938775510204,3528000.0,17982000.0
Punjab,Wheat,2012,4.723912425362525,3517000.0,16614000.0
Punjab,Wheat,2013,5.017084282460137,3512000.0,17620000.0
Punjab,Wheat,2014,4.293865905848787,3505000.0,15050000.0
Punjab,Wheat,2015,4.5829532497149374,3508000.0,16077000.0
Punjab,Wheat,2016,5.046065808297568,3495000.0,17636000.0
Punjab,Wheat,2017,5.076879271070615,3512000.0,17830000.0
Punjab,Wheat,2018,5.188068181818182,3520000.0,18262000.0
Punjab,Wheat,2019,5.003976143141153,3521000.0,17619000.0
Punjab,Wheat,2021,4216.0,,
Punjab,Wheat,2022,4748.0,,
Punjab,Wheat,2023,5045.0,,
Rajasthan,Bajra,1997,0.545608695652174,4600000.0,2509800.0
Rajasthan,Bajra,1998,0.4303368541223062,4183532.0,1800328.0
Rajasthan,Bajra,1999,0.32970657887766375,3945217.0,1300764.0
Rajasthan,Bajra,2000,0.4413830985295849,4636922.0,2046659.0
Rajasthan,Bajra,2001,0.7446044785240555,5129949.0,3819783.0
Rajasthan,Bajra,2002,0.22328395622303981,3215390.0,717945.0
Rajasthan,Bajra,2003,1.1366421109173674,5868008.0,6669825.0
Rajasthan,Bajra,2004,0.6563302142767462,4587712.0,3011054.0
Rajasthan,Bajra,2005,0.43421542197955093,4993678.0,2168332.0
Rajasthan,Bajra,2006,0.7006341019658444,4910409.0,3440400.0
Rajasthan,Bajra,2007,0.8301430143014301,5108580.0,4240852.0
Rajasthan,Bajra,2008,0.8247799434593084,5206162.0,4293938.0
Rajasthan,Bajra,2009,0.3895568236552668,5223564.0,2034875.0
Rajasthan,Bajra,2010,1.1084079422434998,5519448.0,6117800.0
Rajasthan,Bajra,2011,1.25333527711753,5027993.0,6301761.0
Rajasthan,Bajra,2012,0.970358082604981,3988912.0,3870673.0
Rajasthan,Bajra,2013,0.9298573337102207,4446951.0,4135030.0
Rajasthan,Bajra,2014,1.0868535664176335,4108156.0,4464964.0
Rajasthan,Bajra,2015,0.7901214700436365,4076396.0,3220848.0
Rajasthan,Bajra,2016,0.9966984502367909,4177735.0,4163942.0
Rajasthan,Bajra,2017,0.8809915153737975,4264301.0,3756813.0
Rajasthan,Bajra,2018,0.8915554393895181,4239143.0,3779431.0
Rajasthan,Bajra,2019,1.1864825016228657,4287169.0,5086651.0
Rajasthan,Bajra,2021,1001.0,,
Rajasthan,Bajra,2022,1117.0,,
Rajasthan,Bajra,2023,1033.0,,
Rajasthan,Gram,1997,0.8692411924119241,2214000.0,1924500.0
Rajasthan,Gram,1998,0.7365098926388539,2815730.0,2073813.0
Rajasthan,Gram,1999,0.6950100835907631,975347.0,677876.0
Rajasthan,Gram,2000,0.5896432585438954,672644.0,396620.0
Rajasthan,Gram,2001,0.7585695500837952,969625.0,735528.0
Rajasthan,Gram,2002,0.7574719800747198,449680.0,340620.0
Rajasthan,Gram,2003,0.6328306067260488,1117506.0,707192.0
Rajasthan,Gram,2004,0.746477596277749,1036792.0,773942.0
Rajasthan,Gram,2005,0.44266367941793017,1081932.0,478932.0
Rajasthan,Gram,2006,0.8632753370256264,1010754.0,872559.0
Rajasthan,Gram,2007,0.4663155962647062,1231282.0,574166.0
Rajasthan,Gram,2008,0.7790322273285968,1259428.0,981135.0
Rajasthan,Gram,2009,0.6043190758240268,884680.0,534629.0
Rajasthan,Gram,2010,0.8976252200298215,1783281.0,1600718.0
Rajasthan,Gram,2011,0.6904056894433155,1433954.0,990010.0
Rajasthan,Gram,2012,1.0194707033557133,1252908.0,1277303.0
Rajasthan,Gram,2013,0.8529790210662744,1923501.0,1640706.0
Rajasthan,Gram,2014,0.7251996500899848,1256323.0,911085.0
Rajasthan,Gram,2015,0.892121517095242,941958.0,840341.0
Rajasthan,Gram,2016,0.9105108313930802,1547908.0,1409387.0
Rajasthan,Gram,2017,1.0735646480678835,1572576.0,1688262.0
Rajasthan,Gram,2018,1.1523554172686967,1596681.0,1839944.0
Rajasthan,Gram,2019,1.079257288485032,2463029.0,2658242.0
Rajasthan,Gram,2021,1167.0,,
Rajasthan,Gram,2022,934.0,,
Rajasthan,Gram,2023,1081.0,,
Rajasthan,Lentil,1998,1.0607642387843121,49618.0,52633.0
Rajasthan,Lentil,1999,1.22880614427377,41144.0,50558.0
Rajasthan,Lentil,2000,1.1884331797235024,21700.0,25789.0
Rajasthan,Lentil,2001,0.9072110286320254,16974.0,15399.0
Rajasthan,Lentil,2002,0.9785129604365621,5864.0,5738.0
Rajasthan,Lentil,2003,1.23652213810507,26154.0,32340.0
Rajasthan,Lentil,2004,0.996139264721227,28751.0,28640.0
Rajasthan,Lentil,2005,0.9075147640461614,18457.0,16750.0
Rajasthan,Lentil,2006,0.9245875883739199,14003.0,12947.0
Rajasthan,Lentil,2007,0.7057751990284712,14822.0,10461.0
Rajasthan,Lentil,2008,0.8664534573823715,20637.0,17881.0
Rajasthan,Lentil,2009,0.8946648426812586,27047.0,24198.0
Rajasthan,Lentil,2010,0.8724529158157477,44070.0,38449.0
Rajasthan,Lentil,2011,1.126422369204727,31901.0,35934.0
Rajasthan,Lentil,2012,1.1003733642657774,27587.0,30356.0
Rajasthan,Lentil,2013,0.8506535184969075,34276.0,29157.0
Rajasthan,Lentil,2014,0.8179027209246328,49836.0,40761.0
Rajasthan,Lentil,2015,0.8588655529892034,74468.0,63958.0
Rajasthan,Lentil,2016,1.0026428108936665,75677.0,75877.0
Rajasthan,Lentil,2017,1.074523065143878,31346.0,33682.0
Rajasthan,Lentil,2018,1.1639775428658137,19771.0,23013.0
Rajasthan,Lentil,2019,1.3754699248120301,17024.0,23416.0
Rajasthan,Maize,1997,1.2617941571177866,968700.0,1222300.0
Rajasthan,Maize,1998,1.0804226765995668,946350.0,1022458.0
Rajasthan,Maize,1999,1.0375747928935772,933578.0,968657.0
Rajasthan,Maize,2000,1.0468379149147642,969898.0,1015326.0
Rajasthan,Maize,2001,1.4535315838979077,1017433.0,1478871.0
Rajasthan,Maize,2002,0.8848165782626864,983553.0,870264.0
Rajasthan,Maize,2003,1.8632131489976635,1110655.0,2069387.0
Rajasthan,Maize,2004,1.2136495442254327,1042511.0,1265243.0
Rajasthan,Maize,2005,1.0983896919588085,1004963.0,1103841.0
Rajasthan,Maize,2006,1.0831932439280327,1032079.0,1117941.0
Rajasthan,Maize,2007,1.858306380253482,1055538.0,1961513.0
Rajasthan,Maize,2008,1.737497129648783,1053878.0,1831110.0
Rajasthan,Maize,2009,1.0404466032124602,1100216.0,1144716.0
Rajasthan,Maize,2010,1.7969318099601548,1147191.0,2061424.0
Rajasthan,Maize,2011,1.579631997597531,1045591.0,1651649.0
Rajasthan,Maize,2012,1.884284262765196,986158.0,1858202.0
Rajasthan,Maize,2013,1.5943765869534487,926697.0,1477504.0
Rajasthan,Maize,2014,1.7313261179447312,904271.0,1565588.0
Rajasthan,Maize,2015,1.3127579862967214,881103.0,1156675.0
Rajasthan,Maize,2016,1.4981728480417733,937251.0,1404164.0
Rajasthan,Maize,2017,2.0267904652560613,870123.0,1763557.0
Rajasthan,Maize,2018,2.231909115090087,857172.0,1913130.0
Rajasthan,Maize,2019,1.2968819961508897,891115.0,1155671.0
Rajasthan,Maize,2021,2149.0,,
Rajasthan,Maize,2022,2277.0,,
Rajasthan,Maize,2023,2464.0,,
Rajasthan,Rapeseed and Mustard,1997,0.7256338228496249,2812300.0,2040700.0
Rajasthan,Rapeseed and Mustard,1998,0.9624759656102957,2320113.0,2233053.0
Rajasthan,Rapeseed and Mustard,1999,0.965006707991737,2568578.0,2478695.0
Rajasthan,Rapeseed and Mustard,2000,0.9285463304213709,1403063.0,1302809.0
Rajasthan,Rapeseed and Mustard,2001,1.0555489158364906,1840774.0,1943027.0
Rajasthan,Rapeseed and Mustard,2002,0.8684664232177292,1517909.0,1318253.0
Rajasthan,Rapeseed and Mustard,2003,1.30615322859794,2062722.0,2694231.0
Rajasthan,Rapeseed and Mustard,2004,1.0785343457042098,3681523.0,3970649.0
Rajasthan,Rapeseed and Mustard,2005,1.2049563054434191,3665674.0,4416977.0
Rajasthan,Rapeseed and Mustard,2006,1.1849268001520696,3211687.0,3805614.0
Rajasthan,Rapeseed and Mustard,2007,0.9567866204376623,2458197.0,2351970.0
Rajasthan,Rapeseed and Mustard,2008,1.265862867686536,2737998.0,3465930.0
Rajasthan,Rapeseed and Mustard,2009,1.316376154481397,2212357.0,2912294.0
Rajasthan,Rapeseed and Mustard,2010,1.5596190517500357,2489892.0,3883283.0
Rajasthan,Rapeseed and Mustard,2011,1.2085870622229395,2441254.0,2950468.0
Rajasthan,Rapeseed and Mustard,2012,1.3798156740879486,2724956.0,3759937.0
Rajasthan,Rapeseed and Mustard,2013,1.3012741241003272,2782539.0,3620846.0
Rajasthan,Rapeseed and Mustard,2014,1.182908184123992,2433773.0,2878930.0
Rajasthan,Rapeseed and Mustard,2015,1.2865570443030727,2532330.0,3257987.0
Rajasthan,Rapeseed and Mustard,2016,1.5212129346889924,2503284.0,3808028.0
Rajasthan,Rapeseed and Mustard,2017,1.6143118376800123,2183046.0,3524117.0
Rajasthan,Rapeseed and Mustard,2018,1.7282499852635438,2765251.0,4779045.0
Rajasthan,Rapeseed and Mustard,2019,1.581059784141393,2712609.0,4288797.0
Rajasthan,Rapeseed and Mustard,2021,1716.0,,
Rajasthan,Rapeseed and Mustard,2022,1468.0,,
Rajasthan,Rapeseed and Mustard,2023,1529.0,,
Rajasthan,Rice,1997,1.180633147113594,161100.0,190200.0
Rajasthan,Rice,1998,1.2225752329275694,168078.0,205488.0
Rajasthan,Rice,1999,1.2616652514859397,200210.0,252598.0
Rajasthan,Rice,2000,0.9364967674033979,166275.0,155716.0
Rajasthan,Rice,2001,1.2470598013547771,144378.0,180048.0
Rajasthan,Rice,2002,0.812739280245023,83584.0,67932.0
Rajasthan,Rice,2003,1.652612374193031,99756.0,164858.0
Rajasthan,Rice,2004,1.4840323201231242,101361.0,150423.0
Rajasthan,Rice,2005,1.4240501618725114,107492.0,153074.0
Rajasthan,Rice,2006,1.5759665175671411,107758.0,169823.0
Rajasthan,Rice,2007,2.0312522001705378,127831.0,259657.0
Rajasthan,Rice,2008,1.8069675755895007,133418.0,241082.0
Rajasthan,Rice,2009,1.514884467862025,150694.0,228284.0
Rajasthan,Rice,2010,2.0251132498512883,131126.0,265545.0
Rajasthan,Rice,2011,1.8860031115775997,134337.0,253360.0
Rajasthan,Rice,2012,1.7711147371353524,125635.0,222514.0
Rajasthan,Rice,2013,2.1470699354980525,145577.0,312564.0
Rajasthan,Rice,2014,2.1858219276074204,167752.0,366676.0
Rajasthan,Rice,2015,2.0220147968306565,182877.0,369780.0
Rajasthan,Rice,2016,2.289116781455748,197754.0,452682.0
Rajasthan,Rice,2017,2.3653463840412083,190641.0,450932.0
Rajasthan,Rice,2018,2.2909060577414024,197813.0,453171.0
Rajasthan,Rice,2019,2.1890627491174124,219525.0,480554.0
Rajasthan,Sugarcane,1997,51.07079646017699,22600.0,1154200.0
Rajasthan,Sugarcane,1998,47.70451932431237,22614.0,1078790.0
Rajasthan,Sugarcane,1999,40.83201868188895,19270.0,786833.0
Rajasthan,Sugarcane,2000,41.64537428592626,13479.0,561338.0
Rajasthan,Sugarcane,2001,47.69613686534216,9060.0,432127.0
Rajasthan,Sugarcane,2002,42.22649444277561,9987.0,421716.0
Rajasthan,Sugarcane,2003,53.413995174077904,5802.0,309908.0
Rajasthan,Sugarcane,2004,48.33018867924528,5724.0,276642.0
Rajasthan,Sugarcane,2005,60.923251704115124,7922.0,482634.0
Rajasthan,Sugarcane,2006,57.71891346242085,10897.0,628963.0
Rajasthan,Sugarcane,2007,57.115277377175275,10401.0,594056.0
Rajasthan,Sugarcane,2008,59.425988354275205,6526.0,387814.0
Rajasthan,Sugarcane,2009,57.55128633478115,5986.0,344502.0
Rajasthan,Sugarcane,2010,67.00907111756169,5512.0,369354.0
Rajasthan,Sugarcane,2011,70.34793452844895,6415.0,451282.0
Rajasthan,Sugarcane,2012,73.1006029285099,5805.0,424349.0
Rajasthan,Sugarcane,2013,68.97567002471013,5261.0,362881.0
Rajasthan,Sugarcane,2014,72.57686098654709,5575.0,404616.0
Rajasthan,Sugarcane,2015,86.5114802149487,6141.0,531267.0
Rajasthan,Sugarcane,2016,71.29442661219726,6854.0,488652.0
Rajasthan,Sugarcane,2017,70.36447392666298,5427.0,381868.0
Rajasthan,Sugarcane,2018,83.44785847299813,5370.0,448115.0
Rajasthan,Sugarcane,2019,73.05463502015226,4466.0,326262.0
Rajasthan,Wheat,1997,2.500559743264423,2679800.0,6701000.0
Rajasthan,Wheat,1998,2.4870197990810796,2766290.0,6879818.0
Rajasthan,Wheat,1999,2.540172448208372,2650187.0,6731932.0
Rajasthan,Wheat,2000,2.401719404391253,2309637.0,5547100.0
Rajasthan,Wheat,2001,2.793021021220565,2287498.0,6389030.0
Rajasthan,Wheat,2002,2.709019309041856,1800659.0,4878020.0
Rajasthan,Wheat,2003,2.793959655910747,2103059.0,5875862.0
Rajasthan,Wheat,2004,2.8388989180899205,2010241.0,5706871.0
Rajasthan,Wheat,2005,2.761554397314387,2123910.0,5865293.0
Rajasthan,Wheat,2006,3.023924689259369,2564840.0,7755883.0
Rajasthan,Wheat,2007,2.7490444365917903,2592188.0,7126040.0
Rajasthan,Wheat,2008,3.175392115764897,2294858.0,7287074.0
Rajasthan,Wheat,2009,3.1329088097007243,2394213.0,7500851.0
Rajasthan,Wheat,2010,3.4334209116111536,3036141.0,10424350.0
Rajasthan,Wheat,2011,3.4615729484240503,2935341.0,10160897.0
Rajasthan,Wheat,2012,3.514821092438566,3063202.0,10766607.0
Rajasthan,Wheat,2013,3.437773037468134,3205604.0,11020139.0
Rajasthan,Wheat,2014,2.960561115383781,3318248.0,9823876.0
Rajasthan,Wheat,2015,3.367080061486542,3108973.0,10468161.0
Rajasthan,Wheat,2016,3.71166615758212,3349149.0,12430923.0
Rajasthan,Wheat,2017,3.6982117578250757,3050258.0,11280500.0
Rajasthan,Wheat,2018,3.9908721574948993,2997532.0,11962767.0
Rajasthan,Wheat,2019,3.9729661567266925,3497209.0,13894293.0
Rajasthan,Wheat,2021,3913.0,,
Rajasthan,Wheat,2022,3807.0,,
Rajasthan,Wheat,2023,3540.0,,
Sikkim,Maize,1997,1.2928552467686276,48973.0,63315.0
Sikkim,Maize,1998,1.3643159415148367,39463.0,53840.0
Sikkim,Maize,1999,1.3514951525848617,39093.0,52834.0
Sikkim,Maize,2000,1.4938977019271733,39903.0,59611.0
Sikkim,Maize,2001,1.268218665558096,48110.0,61014.0
Sikkim,Maize,2002,1.3157771535580525,42720.0,56210.0
Sikkim,Maize,2003,1.5544959128065394,36700.0,57050.0
Sikkim,Maize,2004,1.5880108991825612,36700.0,58280.0
Sikkim,Maize,2005,2.400785854616896,25450.0,61100.0
Sikkim,Maize,2006,1.5884944920440636,40850.0,64890.0
Sikkim,Maize,2007,1.4865476489816445,39770.0,59120.0
Sikkim,Maize,2008,1.6770408163265307,39200.0,65740.0
Sikkim,Maize,2009,1.6377215189873418,39500.0,64690.0
Sikkim,Maize,2010,6.871371670400797,40170.0,276023.0
Sikkim,Maize,2011,1.6573216520650813,39950.0,66210.0
Sikkim,Maize,2012,1.700025018764073,39970.0,67950.0
Sikkim,Maize,2013,1.723641372401703,39930.0,68825.0
Sikkim,Maize,2014,1.7274322968906721,39880.0,68890.0
Sikkim,Maize,2015,1.7535618020793222,38955.0,68310.0
Sikkim,Maize,2016,1.7661177204010599,38498.0,67992.0
Sikkim,Maize,2017,1.7673305944146862,38458.0,67968.0
Sikkim,Maize,2018,1.7679337180369528,37778.0,66789.0
Sikkim,Maize,2019,1.7690363925287207,38387.0,67908.0
Sikkim,Rapeseed and Mustard,1997,0.7679856115107914,5560.0,4270.0
Sikkim,Rapeseed and Mustard,1998,0.42464788732394365,5680.0,2412.0
Sikkim,Rapeseed and Mustard,1999,0.7229166666666667,5760.0,4164.0
Sikkim,Rapeseed and Mustard,2000,0.6836805555555555,5760.0,3938.0
Sikkim,Rapeseed and Mustard,2001,0.6536206896551724,5800.0,3791.0
Sikkim,Rapeseed and Mustard,2002,0.7,4800.0,3360.0
Sikkim,Rapeseed and Mustard,2003,0.7,6000.0,4200.0
Sikkim,Rapeseed and Mustard,2004,0.9976689976689976,4290.0,4280.0
Sikkim,Rapeseed and Mustard,2005,0.75,6000.0,4500.0
Sikkim,Rapeseed and Mustard,2006,0.7689393939393939,5280.0,4060.0
Sikkim,Rapeseed and Mustard,2007,0.6972477064220184,3270.0,2280.0
Sikkim,Rapeseed and Mustard,2008,0.839622641509434,5300.0,4450.0
Sikkim,Rapeseed and Mustard,2009,0.8363970588235294,5440.0,4550.0
Sikkim,Rapeseed and Mustard,2010,0.7916349809885932,5260.0,4164.0
Sikkim,Rapeseed and Mustard,2011,0.8007380073800738,5420.0,4340.0
Sikkim,Rapeseed and Mustard,2012,0.7990867579908676,4380.0,3500.0
Sikkim,Rapeseed and Mustard,2013,0.8314496314496315,4070.0,3384.0
Sikkim,Rapeseed and Mustard,2014,0.8321243523316062,3860.0,3212.0
Sikkim,Rapeseed and Mustard,2015,0.8529250956806999,3658.0,3120.0
Sikkim,Rapeseed and Mustard,2016,0.8755980861244019,3553.0,3111.0
Sikkim,Rapeseed and Mustard,2017,0.8754282155091871,3211.0,2811.0
Sikkim,Rapeseed and Mustard,2018,0.8756843800322062,3105.0,2719.0
Sikkim,Rapeseed and Mustard,2019,0.8761570379827641,3133.0,2745.0
Sikkim,Rice,1997,1.3668344911095534,15691.0,21447.0
Sikkim,Rice,1998,1.3832052412750409,15874.0,21957.0
Sikkim,Rice,1999,1.473409605230073,15908.0,23439.0
Sikkim,Rice,2000,1.4034695755026942,15218.0,21358.0
Sikkim,Rice,2001,1.4343624161073825,14900.0,21372.0
Sikkim,Rice,2002,1.4347532116294794,14790.0,21220.0
Sikkim,Rice,2003,1.437584803256445,14740.0,21190.0
Sikkim,Rice,2004,2.38257993384785,9070.0,21610.0
Sikkim,Rice,2005,2.4198161389172625,9790.0,23690.0
Sikkim,Rice,2006,2.3315217391304346,9200.0,21450.0
Sikkim,Rice,2007,1.642495784148398,11860.0,19480.0
Sikkim,Rice,2008,1.71,13000.0,22230.0
Sikkim,Rice,2009,1.7057864710676447,12270.0,20930.0
Sikkim,Rice,2010,1.7275947281713344,12140.0,20973.0
Sikkim,Rice,2011,1.7299088649544325,12070.0,20880.0
Sikkim,Rice,2012,1.7902684563758389,11920.0,21340.0
Sikkim,Rice,2013,1.8157375873812511,11158.0,20260.0
Sikkim,Rice,2014,1.8179347826086956,11040.0,20070.0
Sikkim,Rice,2015,1.8452526009935326,10669.0,19687.0
Sikkim,Rice,2016,1.856025188436218,10481.0,19453.0
Sikkim,Rice,2017,1.856225660456794,9501.0,17636.0
Sikkim,Rice,2018,1.8563094209161626,9256.0,17182.0
Sikkim,Rice,2019,1.8580310880829016,8685.0,16137.0
Sikkim,Wheat,1997,1.7552533992583437,8090.0,14200.0
Sikkim,Wheat,1998,0.8079586953784158,7941.0,6416.0
Sikkim,Wheat,1999,1.5862962962962963,8100.0,12849.0
Sikkim,Wheat,2000,1.4002772002772004,7215.0,10103.0
Sikkim,Wheat,2001,1.203788748564868,8710.0,10485.0
Sikkim,Wheat,2002,1.2484993997599039,8330.0,10400.0
Sikkim,Wheat,2003,1.2764144011756062,6805.0,8686.0
Sikkim,Wheat,2004,1.4372822299651569,5740.0,8250.0
Sikkim,Wheat,2005,1.6114982578397212,5740.0,9250.0
Sikkim,Wheat,2006,1.6238244514106583,6380.0,10360.0
Sikkim,Wheat,2007,1.0,4460.0,4460.0
Sikkim,Wheat,2008,0.8974358974358975,3900.0,3500.0
Sikkim,Wheat,2009,0.9076923076923077,5200.0,4720.0
Sikkim,Wheat,2010,1.0226415094339623,2650.0,2710.0
Sikkim,Wheat,2011,1.06,2500.0,2650.0
Sikkim,Wheat,2012,1.0576923076923077,520.0,550.0
Sikkim,Wheat,2013,1.0694444444444444,360.0,385.0
Sikkim,Wheat,2014,1.0769230769230769,390.0,420.0
Sikkim,Wheat,2015,1.0712074303405572,323.0,346.0
Sikkim,Wheat,2016,1.079245283018868,265.0,286.0
Sikkim,Wheat,2017,1.0755813953488371,172.0,185.0
Sikkim,Wheat,2018,1.0797546012269938,163.0,176.0
Sikkim,Wheat,2019,1.0787878787878789,165.0,178.0
THE DADRA AND NAGAR HAVELI,Bajra,2019,1.3064516129032258,496.0,648.0
THE DADRA AND NAGAR HAVELI,Gram,1998,0.8021390374331551,187.0,150.0
THE DADRA AND NAGAR HAVELI,Gram,1999,0.7993920972644377,329.0,263.0
THE DADRA AND NAGAR HAVELI,Gram,2000,1.0,140.0,140.0
THE DADRA AND NAGAR HAVELI,Gram,2001,0.8012422360248447,161.0,129.0
THE DADRA AND NAGAR HAVELI,Gram,2002,0.7972972972972973,148.0,118.0
THE DADRA AND NAGAR HAVELI,Gram,2003,0.8026315789473685,152.0,122.0
THE DADRA AND NAGAR HAVELI,Gram,2004,0.8206521739130435,184.0,151.0
THE DADRA AND NAGAR HAVELI,Gram,2005,1.1824817518248176,137.0,162.0
THE DADRA AND NAGAR HAVELI,Gram,2006,1.2260869565217392,115.0,141.0
THE DADRA AND NAGAR HAVELI,Gram,2007,0.5,200.0,100.0
THE DADRA AND NAGAR HAVELI,Gram,2008,0.5,200.0,100.0
THE DADRA AND NAGAR HAVELI,Gram,2009,1.0,100.0,100.0
THE DADRA AND NAGAR HAVELI,Gram,2010,1.0,410.0,410.0
THE DADRA AND NAGAR HAVELI,Gram,2011,1.0,138.0,138.0
THE DADRA AND NAGAR HAVELI,Gram,2012,1.0,173.0,173.0
THE DADRA AND NAGAR HAVELI,Maize,1998,0.625,16.0,10.0
THE DADRA AND NAGAR HAVELI,Maize,2000,1.0,20.0,20.0
THE DADRA AND NAGAR HAVELI,Maize,2001,1.0526315789473684,19.0,20.0
THE DADRA AND NAGAR HAVELI,Maize,2002,1.0526315789473684,57.0,60.0
THE DADRA AND NAGAR HAVELI,Maize,2003,1.05,100.0,105.0
THE DADRA AND NAGAR HAVELI,Maize,2004,1.1,100.0,110.0
THE DADRA AND NAGAR HAVELI,Maize,2005,1.1,100.0,110.0
THE DADRA AND NAGAR HAVELI,Maize,2006,0.8333333333333334,150.0,125.0
THE DADRA AND NAGAR HAVELI,Maize,2010,1.0,100.0,100.0
THE DADRA AND NAGAR HAVELI,Maize,2011,1.0,110.0,110.0
THE DADRA AND NAGAR HAVELI,Maize,2012,1.0,110.0,110.0
THE DADRA AND NAGAR HAVELI,Maize,2019,1.0,4.0,4.0
THE DADRA AND NAGAR HAVELI,Rapeseed and Mustard,1998,1.0,30.0,30.0
THE DADRA AND NAGAR HAVELI,Rapeseed and Mustard,1999,1.0,22.0,22.0
THE DADRA AND NAGAR HAVELI,Rapeseed and Mustard,2004,1.0,1.0,1.0
THE DADRA AND NAGAR HAVELI,Rapeseed and Mustard,2005,1.0,1.0,1.0
THE DADRA AND NAGAR HAVELI,Rapeseed and Mustard,2006,1.0,2.0,2.0
THE DADRA AND NAGAR HAVELI,Rapeseed and Mustard,2019,0.6,5.0,3.0
THE DADRA AND NAGAR HAVELI,Rice,1998,1.7091548324831105,14506.0,24793.0
THE DADRA AND NAGAR HAVELI,Rice,1999,1.9918083998611593,14405.0,28692.0
THE DADRA AND NAGAR HAVELI,Rice,2000,1.8834932316993034,15218.0,28663.0
THE DADRA AND NAGAR HAVELI,Rice,2001,2.2361121118236182,13879.0,31035.0
THE DADRA AND NAGAR HAVELI,Rice,2002,2.8006285171380547,13683.0,38321.0
THE DADRA AND NAGAR HAVELI,Rice,2003,2.0100021587392964,13897.0,27933.0
THE DADRA AND NAGAR HAVELI,Rice,2004,2.0855794666476015,13987.0,29171.0
THE DADRA AND NAGAR HAVELI,Rice,2005,2.481047197640118,13560.0,33643.0
THE DADRA AND NAGAR HAVELI,Rice,2006,2.240942734709778,15402.0,34515.0
THE DADRA AND NAGAR HAVELI,Rice,2007,1.7426470588235294,13600.0,23700.0
THE DADRA AND NAGAR HAVELI,Rice,2008,1.7205882352941178,13600.0,23400.0
THE DADRA AND NAGAR HAVELI,Rice,2009,1.08,12500.0,13500.0
THE DADRA AND NAGAR HAVELI,Rice,2010,1.929537037037037,10800.0,20839.0
THE DADRA AND NAGAR HAVELI,Rice,2011,1.739521800281294,10665.0,18552.0
THE DADRA AND NAGAR HAVELI,Rice,2012,1.9303166112476506,13834.0,26704.0
THE DADRA AND NAGAR HAVELI,Rice,2019,2.0900065818341376,18232.0,38105.0
THE DADRA AND NAGAR HAVELI,Sugarcane,1998,80.0,1529.0,122320.0
THE DADRA AND NAGAR HAVELI,Sugarcane,1999,80.0,1464.0,117120.0
THE DADRA AND NAGAR HAVELI,Sugarcane,2000,65.0,1422.0,92430.0
THE DADRA AND NAGAR HAVELI,Sugarcane,2001,70.0,1273.0,89110.0
THE DADRA AND NAGAR HAVELI,Sugarcane,2002,80.0,1537.0,122960.0
THE DADRA AND NAGAR HAVELI,Sugarcane,2003,75.0,1285.0,96375.0
THE DADRA AND NAGAR HAVELI,Sugarcane,2004,80.0,1511.0,120880.0
THE DADRA AND NAGAR HAVELI,Sugarcane,2005,80.0,1531.0,122480.0
THE DADRA AND NAGAR HAVELI,Sugarcane,2006,80.0,1167.0,93360.0
THE DADRA AND NAGAR HAVELI,Sugarcane,2010,80.0,410.0,32800.0
THE DADRA AND NAGAR HAVELI,Sugarcane,2011,80.0,665.0,53200.0
THE DADRA AND NAGAR HAVELI,Sugarcane,2012,80.0,662.0,52960.0
THE DADRA AND NAGAR HAVELI,Sugarcane,2019,80.0,150.0,12000.0
THE DADRA AND NAGAR HAVELI,Wheat,1998,1.7132216014897579,537.0,920.0
THE DADRA AND NAGAR HAVELI,Wheat,1999,1.7286713286713287,715.0,1236.0
THE DADRA AND NAGAR HAVELI,Wheat,2000,2.112676056338028,710.0,1500.0
THE DADRA AND NAGAR HAVELI,Wheat,2001,1.9605442176870749,735.0,1441.0
THE DADRA AND NAGAR HAVELI,Wheat,2002,1.96,750.0,1470.0
THE DADRA AND NAGAR HAVELI,Wheat,2003,1.96,750.0,1470.0
THE DADRA AND NAGAR HAVELI,Wheat,2004,1.96,750.0,1470.0
THE DADRA AND NAGAR HAVELI,Wheat,2005,2.0,750.0,1500.0
THE DADRA AND NAGAR HAVELI,Wheat,2006,2.066666666666667,750.0,1550.0
THE DADRA AND NAGAR HAVELI,Wheat,2007,1.8333333333333333,600.0,1100.0
THE DADRA AND NAGAR HAVELI,Wheat,2008,1.8333333333333333,600.0,1100.0
THE DADRA AND NAGAR HAVELI,Wheat,2009,1.4285714285714286,700.0,1000.0
THE DADRA AND NAGAR HAVELI,Wheat,2010,2.230769230769231,130.0,290.0
THE DADRA AND NAGAR HAVELI,Wheat,2011,2.0,137.0,274.0
THE DADRA AND NAGAR HAVELI,Wheat,2012,2.0,131.0,262.0
THE DADRA AND NAGAR HAVELI,Wheat,2019,2.4,50.0,120.0
Tamil Nadu,Bajra,1998,1.5798002061203458,196002.0,309644.0
Tamil Nadu,Bajra,1999,1.458654160513173,177406.0,258774.0
Tamil Nadu,Bajra,2000,1.5188450076381759,199655.0,303245.0
Tamil Nadu,Bajra,2001,1.222858193504033,125093.0,152971.0
Tamil Nadu,Bajra,2002,0.8692609292295629,102020.0,88682.0
Tamil Nadu,Bajra,2003,1.084928643823457,158851.0,172342.0
Tamil Nadu,Bajra,2004,1.2734611917055978,97608.0,124300.0
Tamil Nadu,Bajra,2005,1.1571437290204456,81925.0,94799.0
Tamil Nadu,Bajra,2006,1.5107003297105874,65512.0,98969.0
Tamil Nadu,Bajra,2007,1.4354995150339476,59798.0,85840.0
Tamil Nadu,Bajra,2008,1.4825839920948616,56672.0,84021.0
Tamil Nadu,Bajra,2009,1.5185845260624322,54427.0,82652.0
Tamil Nadu,Bajra,2011,2.452575861477799,46664.0,114447.0
Tamil Nadu,Bajra,2013,2.158273910166875,54412.0,117436.0
Tamil Nadu,Bajra,2014,3.0770430442919525,57708.0,177570.0
Tamil Nadu,Bajra,2015,2.6030112777584002,51606.0,134331.0
Tamil Nadu,Bajra,2016,2.058462343727981,49673.0,102250.0
Tamil Nadu,Bajra,2017,2.2774913135223467,63029.0,143548.0
Tamil Nadu,Bajra,2018,2.517170769165138,46882.0,118010.0
Tamil Nadu,Bajra,2019,2.7422953831565224,67492.0,185083.0
Tamil Nadu,Gram,1998,0.8330708661417323,7620.0,6348.0
Tamil Nadu,Gram,1999,0.6487987444162743,8283.0,5374.0
Tamil Nadu,Gram,2000,0.6177918424753868,5688.0,3514.0
Tamil Nadu,Gram,2002,0.6730117760929182,6199.0,4172.0
Tamil Nadu,Gram,2003,0.6564528301886793,6625.0,4349.0
Tamil Nadu,Gram,2004,0.6140186915887851,6420.0,3942.0
Tamil Nadu,Gram,2005,0.6783477230404604,5907.0,4007.0
Tamil Nadu,Gram,2006,0.6457104331704029,5933.0,3831.0
Tamil Nadu,Gram,2007,0.6745588235294118,6800.0,4587.0
Tamil Nadu,Gram,2008,0.6355808523058961,6852.0,4355.0
Tamil Nadu,Gram,2009,0.6111410118406889,7432.0,4542.0
Tamil Nadu,Gram,2010,0.6765350877192983,7296.0,4936.0
Tamil Nadu,Gram,2011,0.6424581005586593,8592.0,5520.0
Tamil Nadu,Gram,2012,0.6439738487777146,7036.0,4531.0
Tamil Nadu,Gram,2013,0.6536820835204311,8908.0,5823.0
Tamil Nadu,Gram,2014,0.6124633431085044,6820.0,4177.0
Tamil Nadu,Gram,2015,0.6513535684987695,4876.0,3176.0
Tamil Nadu,Gram,2016,0.6491295198010331,5227.0,3393.0
Tamil Nadu,Gram,2017,0.9260326609029779,5205.0,4820.0
Tamil Nadu,Gram,2018,0.9261664672705521,5851.0,5419.0
Tamil Nadu,Gram,2019,0.9254322766570605,5552.0,5138.0
Tamil Nadu,Lentil,2014,1.256406360082333,72389.0,90950.0
Tamil Nadu,Lentil,2015,1.016286203331808,59007.0,59968.0
Tamil Nadu,Maize,1998,1.5956767694039526,70179.0,111983.0
Tamil Nadu,Maize,1999,1.5868759876687133,115803.0,183765.0
Tamil Nadu,Maize,2000,1.6181198978314217,119802.0,193854.0
Tamil Nadu,Maize,2002,1.5831054792370536,121057.0,191646.0
Tamil Nadu,Maize,2003,1.5671426519895852,160159.0,250992.0
Tamil Nadu,Maize,2004,1.5520161354025688,189893.0,294717.0
Tamil Nadu,Maize,2005,0.0,202830.0,0.0
Tamil Nadu,Maize,2006,3.8381248040772165,197782.0,759112.0
Tamil Nadu,Maize,2007,3.6255840807777,223428.0,810057.0
Tamil Nadu,Maize,2008,4.388383995199536,286639.0,1257882.0
Tamil Nadu,Maize,2009,4.661413259392445,244159.0,1138126.0
Tamil Nadu,Maize,2010,4.4580695824963446,230489.0,1027536.0
Tamil Nadu,Maize,2011,6.041667112094616,280629.0,1695467.0
Tamil Nadu,Maize,2012,3.251525500597831,291052.0,946363.0
Tamil Nadu,Maize,2013,5.901800335936535,380429.0,2245216.0
Tamil Nadu,Maize,2014,8.22405513865421,321952.0,2647751.0
Tamil Nadu,Maize,2015,7.132038167766938,355064.0,2532330.0
Tamil Nadu,Maize,2016,3.026305431228772,315030.0,953377.0
Tamil Nadu,Maize,2017,7.986096302824497,324518.0,2591632.0
Tamil Nadu,Maize,2018,7.256585987782961,390602.0,2834437.0
Tamil Nadu,Maize,2019,7.838793038838007,333565.0,2614747.0
Tamil Nadu,Maize,2021,7066.0,,
Tamil Nadu,Maize,2022,7007.0,,
Tamil Nadu,Maize,2023,6239.0,,
Tamil Nadu,Rapeseed and Mustard,1998,0.24504504504504504,555.0,136.0
Tamil Nadu,Rapeseed and Mustard,1999,0.24088748019017434,631.0,152.0
Tamil Nadu,Rapeseed and Mustard,2000,0.2456839309428951,753.0,185.0
Tamil Nadu,Rapeseed and Mustard,2002,0.24273504273504273,585.0,142.0
Tamil Nadu,Rapeseed and Mustard,2003,0.2473404255319149,376.0,93.0
Tamil Nadu,Rapeseed and Mustard,2004,0.2411504424778761,452.0,109.0
Tamil Nadu,Rapeseed and Mustard,2005,0.24621212121212122,528.0,130.0
Tamil Nadu,Rapeseed and Mustard,2006,0.23255813953488372,344.0,80.0
Tamil Nadu,Rapeseed and Mustard,2007,0.24363636363636362,275.0,67.0
Tamil Nadu,Rapeseed and Mustard,2008,0.245136186770428,257.0,63.0
Tamil Nadu,Rapeseed and Mustard,2009,0.2366412213740458,262.0,62.0
Tamil Nadu,Rapeseed and Mustard,2011,0.2441860465116279,344.0,84.0
Tamil Nadu,Rapeseed and Mustard,2013,0.24305555555555555,576.0,140.0
Tamil Nadu,Rapeseed and Mustard,2014,0.23841059602649006,302.0,72.0
Tamil Nadu,Rapeseed and Mustard,2015,0.23646723646723647,351.0,83.0
Tamil Nadu,Rapeseed and Mustard,2016,0.23115577889447236,199.0,46.0
Tamil Nadu,Rapeseed and Mustard,2017,0.22945205479452055,292.0,67.0
Tamil Nadu,Rapeseed and Mustard,2018,0.23278688524590163,305.0,71.0
Tamil Nadu,Rapeseed and Mustard,2019,0.24087591240875914,137.0,33.0
Tamil Nadu,Rice,1998,3.4425450228566135,2386399.0,8215286.0
Tamil Nadu,Rice,1999,3.2782314888164765,2204046.0,7225373.0
Tamil Nadu,Rice,2000,3.415394275612489,2113344.0,7217903.0
Tamil Nadu,Rice,2001,3.1961261783464847,2059878.0,6583630.0
Tamil Nadu,Rice,2002,2.3587344060843884,1516537.0,3577108.0
Tamil Nadu,Rice,2003,2.3075027333242164,1396651.0,3222776.0
Tamil Nadu,Rice,2004,2.702671156148315,1872822.0,5061622.0
Tamil Nadu,Rice,2005,2.540622934909569,2050455.0,5209433.0
Tamil Nadu,Rice,2006,3.4227075013578254,1931397.0,6610607.0
Tamil Nadu,Rice,2007,2.8169229307444232,1789170.0,5039954.0
Tamil Nadu,Rice,2008,2.6834629061975988,1931603.0,5183385.0
Tamil Nadu,Rice,2009,3.069680469756219,1845553.0,5665258.0
Tamil Nadu,Rice,2010,3.0394794424801885,1905726.0,5792415.0
Tamil Nadu,Rice,2011,3.9178310217820203,1903772.0,7458657.0
Tamil Nadu,Rice,2012,2.712381368213244,1493276.0,4050334.0
Tamil Nadu,Rice,2013,4.123005916336854,1725730.0,7115195.0
Tamil Nadu,Rice,2014,4.428677915376735,1794991.0,7949437.0
Tamil Nadu,Rice,2015,3.6869496833335664,2000212.0,7374681.0
Tamil Nadu,Rice,2016,2.4632741930677047,1442841.0,3554113.0
Tamil Nadu,Rice,2017,3.6298195875584036,1828865.0,6638450.0
Tamil Nadu,Rice,2018,3.5622347517668693,1721265.0,6131550.0
Tamil Nadu,Rice,2019,3.8089201727790662,1907407.0,7265161.0
Tamil Nadu,Rice,2021,3566.0,,
Tamil Nadu,Rice,2022,3500.0,,
Tamil Nadu,Rice,2023,3235.0,,
Tamil Nadu,Sugarcane,1998,134.15193584547728,347910.0,46672800.0
Tamil Nadu,Sugarcane,1999,106.8263573775622,332332.0,35501817.0
Tamil Nadu,Sugarcane,2000,107.29370686641069,317473.0,34062855.0
Tamil Nadu,Sugarcane,2001,101.54932077104863,321173.0,32614900.0
Tamil Nadu,Sugarcane,2002,92.44036325244055,261416.0,24165390.0
Tamil Nadu,Sugarcane,2003,101.67844368430096,192069.0,19529277.0
Tamil Nadu,Sugarcane,2004,110.07454948062002,222188.0,24457244.0
Tamil Nadu,Sugarcane,2005,104.6916609271997,335397.0,35113269.0
Tamil Nadu,Sugarcane,2006,122.79450205904382,391201.0,48037332.0
Tamil Nadu,Sugarcane,2007,107.53841569168017,354022.0,38070965.0
Tamil Nadu,Sugarcane,2008,106.21401554404144,308800.0,32798888.0
Tamil Nadu,Sugarcane,2009,101.44993846500005,293329.0,29758209.0
Tamil Nadu,Sugarcane,2010,108.40513860887894,315961.0,34251796.0
Tamil Nadu,Sugarcane,2011,112.5302208748376,346350.0,38974842.0
Tamil Nadu,Sugarcane,2012,97.63532532098662,348379.0,34014097.0
Tamil Nadu,Sugarcane,2013,103.57383123286623,313343.0,32454135.0
Tamil Nadu,Sugarcane,2014,106.78987022268176,263066.0,28092784.0
Tamil Nadu,Sugarcane,2015,101.11635060569544,252272.0,25508824.0
Tamil Nadu,Sugarcane,2016,86.99432333617396,218262.0,18987555.0
Tamil Nadu,Sugarcane,2017,99.82545270458989,171856.0,17155603.0
Tamil Nadu,Sugarcane,2018,102.73310699155725,166415.0,17096330.0
Tamil Nadu,Sugarcane,2019,107.61018848079752,131207.0,14119210.0
Tamil Nadu,Sugarcane,2021,109240.0,,
Tamil Nadu,Sugarcane,2022,111080.0,,
Tamil Nadu,Sugarcane,2023,105000.0,,
Telangana,Bajra,2013,0.9420487214404599,13218.0,12452.0
Telangana,Bajra,2014,0.9368871456587627,11218.0,10510.0
Telangana,Bajra,2015,0.9379661016949152,5900.0,5534.0
Telangana,Bajra,2016,0.8692579505300353,16697.0,14514.0
Telangana,Bajra,2017,1.0567222095412006,8762.0,9259.0
Telangana,Bajra,2018,0.49686638255201804,7978.0,3964.0
Telangana,Bajra,2019,1.1582773433197489,9079.0,10516.0
Telangana,Gram,2013,1.7157932785555594,113428.0,194619.0
Telangana,Gram,2014,1.369752431029543,59337.0,81277.0
Telangana,Gram,2015,0.7209718523609083,69846.0,50357.0
Telangana,Gram,2016,1.2992181877335331,101431.0,131781.0
Telangana,Gram,2017,1.51650708619398,97443.0,147773.0
Telangana,Gram,2018,1.569436062495809,104391.0,163835.0
Telangana,Gram,2019,1.5317825638499314,129914.0,199000.0
Telangana,Lentil,2013,0.5130890052356021,382.0,196.0
Telangana,Lentil,2014,0.3888888888888889,54.0,21.0
Telangana,Lentil,2015,0.34782608695652173,46.0,16.0
Telangana,Maize,2013,4.680623924480718,750219.0,3511493.0
Telangana,Maize,2014,3.3378854644663334,691471.0,2308051.0
Telangana,Maize,2015,3.057074620195044,572794.0,1751074.0
Telangana,Maize,2016,3.5949063507860846,801822.0,2882475.0
Telangana,Maize,2017,4.365320711801122,630457.0,2752147.0
Telangana,Maize,2018,3.835612982584069,543066.0,2082991.0
Telangana,Maize,2019,5.664467946515601,643253.0,3643686.0
Telangana,Maize,2021,5403.0,,
Telangana,Maize,2022,5557.0,,
Telangana,Maize,2023,5671.0,,
Telangana,Rapeseed and Mustard,2013,0.763938315539739,843.0,644.0
Telangana,Rapeseed and Mustard,2014,1.7577639751552796,2254.0,3962.0
Telangana,Rapeseed and Mustard,2015,1.2197802197802199,1365.0,1665.0
Telangana,Rice,2013,3.2997231800252402,1994437.0,6581090.0
Telangana,Rice,2014,3.211048310748753,1415420.0,4544982.0
Telangana,Rice,2015,2.912754686538175,1046188.0,3047289.0
Telangana,Rice,2016,3.6088662531568314,1828574.0,6599079.0
Telangana,Rice,2017,3.191757848648781,1962376.0,6263429.0
Telangana,Rice,2018,3.4522417759445734,1931772.0,6668944.0
Telangana,Rice,2019,3.6955873258394267,3216213.0,11885796.0
Telangana,Rice,2021,3395.0,,
Telangana,Rice,2022,3406.0,,
Telangana,Rice,2023,3602.0,,
Telangana,Sugarcane,2013,85.89953954565112,39309.0,3376625.0
Telangana,Sugarcane,2014,87.6539762447888,38139.0,3343035.0
Telangana,Sugarcane,2015,68.91116205760137,34895.0,2404655.0
Telangana,Sugarcane,2016,70.21534897980038,29357.0,2061312.0
Telangana,Sugarcane,2017,74.4129875936068,35788.0,2663092.0
Telangana,Sugarcane,2018,79.58961932503013,39824.0,3169577.0
Telangana,Sugarcane,2019,77.41799731954815,26115.0,2021771.0
Telangana,Sugarcane,2021,102306.0,,
Telangana,Sugarcane,2022,105097.0,,
Telangana,Sugarcane,2023,90116.0,,
Telangana,Wheat,2013,0.620258559454468,7039.0,4366.0
Telangana,Wheat,2014,1.1889155799588196,5828.0,6929.0
Telangana,Wheat,2015,3.4131663974151856,4952.0,16902.0
Telangana,Wheat,2016,1.3704936217415418,5409.0,7413.0
Telangana,Wheat,2017,1.3884078884078883,4158.0,5773.0
Telangana,Wheat,2018,1.8771676300578035,4844.0,9093.0
Telangana,Wheat,2019,1.8419051878354205,4472.0,8237.0
The Dadra And Nagar Haveli And Daman And Diu,Gram,2016,1.05,100.0,105.0
The Dadra And Nagar Haveli And Daman And Diu,Gram,2018,1.05,200.0,210.0
The Dadra And Nagar Haveli And Daman And Diu,Maize,2013,1.0,110.0,110.0
The Dadra And Nagar Haveli And Daman And Diu,Maize,2014,1.0,110.0,110.0
The Dadra And Nagar Haveli And Daman And Diu,Maize,2015,0.9611650485436893,103.0,99.0
The Dadra And Nagar Haveli And Daman And Diu,Maize,2016,1.0,4.0,4.0
The Dadra And Nagar Haveli And Daman And Diu,Maize,2017,1.1018518518518519,108.0,119.0
The Dadra And Nagar Haveli And Daman And Diu,Maize,2018,1.0,4.0,4.0
The Dadra And Nagar Haveli And Daman And Diu,Rapeseed and Mustard,2015,0.9090909090909091,11.0,10.0
The Dadra And Nagar Haveli And Daman And Diu,Rapeseed and Mustard,2016,0.6,5.0,3.0
The Dadra And Nagar Haveli And Daman And Diu,Rapeseed and Mustard,2017,0.8333333333333334,12.0,10.0
The Dadra And Nagar Haveli And Daman And Diu,Rapeseed and Mustard,2018,0.6,5.0,3.0
The Dadra And Nagar Haveli And Daman And Diu,Rice,2013,1.877540500736377,13580.0,25497.0
The Dadra And Nagar Haveli And Daman And Diu,Rice,2014,1.8683830953411222,13866.0,25907.0
The Dadra And Nagar Haveli And Daman And Diu,Rice,2015,2.0644486294203808,14337.0,29598.0
The Dadra And Nagar Haveli And Daman And Diu,Rice,2016,2.2135159563373428,14383.0,31837.0
The Dadra And Nagar Haveli And Daman And Diu,Rice,2017,2.070715591171095,14226.0,29458.0
The Dadra And Nagar Haveli And Daman And Diu,Rice,2018,2.2364204545454545,17600.0,39361.0
The Dadra And Nagar Haveli And Daman And Diu,Sugarcane,2015,95.0,540.0,51300.0
The Dadra And Nagar Haveli And Daman And Diu,Sugarcane,2016,80.0,170.0,13600.0
The Dadra And Nagar Haveli And Daman And Diu,Sugarcane,2017,91.50519031141869,578.0,52890.0
The Dadra And Nagar Haveli And Daman And Diu,Sugarcane,2018,80.0,150.0,12000.0
The Dadra And Nagar Haveli And Daman And Diu,Wheat,2013,2.0,131.0,262.0
The Dadra And Nagar Haveli And Daman And Diu,Wheat,2014,2.079136690647482,139.0,289.0
The Dadra And Nagar Haveli And Daman And Diu,Wheat,2015,2.141843971631206,141.0,302.0
The Dadra And Nagar Haveli And Daman And Diu,Wheat,2016,2.3,40.0,92.0
The Dadra And Nagar Haveli And Daman And Diu,Wheat,2017,2.223021582733813,139.0,309.0
Tripura,Gram,1998,0.6470588235294118,170.0,110.0
Tripura,Gram,2004,0.7030075187969925,266.0,187.0
Tripura,Gram,2005,0.7602339181286549,171.0,130.0
Tripura,Gram,2006,0.7272727272727273,132.0,96.0
Tripura,Gram,2007,0.7128712871287128,101.0,72.0
Tripura,Gram,2008,0.967032967032967,91.0,88.0
Tripura,Gram,2009,0.7520661157024794,121.0,91.0
Tripura,Gram,2010,0.7431192660550459,109.0,81.0
Tripura,Gram,2011,0.782312925170068,147.0,115.0
Tripura,Gram,2012,0.774390243902439,164.0,127.0
Tripura,Gram,2013,0.76,125.0,95.0
Tripura,Gram,2014,0.8136645962732919,161.0,131.0
Tripura,Gram,2015,0.78,250.0,195.0
Tripura,Gram,2016,0.6,250.0,150.0
Tripura,Gram,2017,0.7914893617021277,235.0,186.0
Tripura,Gram,2018,0.669260700389105,257.0,172.0
Tripura,Gram,2019,0.6219931271477663,291.0,181.0
Tripura,Lentil,1998,0.4067796610169492,295.0,120.0
Tripura,Lentil,2004,0.509478672985782,422.0,215.0
Tripura,Lentil,2005,0.7437810945273632,402.0,299.0
Tripura,Lentil,2006,0.65,360.0,234.0
Tripura,Lentil,2007,0.6625386996904025,323.0,214.0
Tripura,Lentil,2008,0.7613636363636364,352.0,268.0
Tripura,Lentil,2009,0.6635802469135802,324.0,215.0
Tripura,Lentil,2010,0.6719242902208202,317.0,213.0
Tripura,Lentil,2011,0.788235294117647,425.0,335.0
Tripura,Lentil,2012,0.6821052631578948,475.0,324.0
Tripura,Lentil,2013,0.6865912762520194,1857.0,1275.0
Tripura,Lentil,2014,0.7614091273018415,2498.0,1902.0
Tripura,Lentil,2015,0.6449480642115203,3177.0,2049.0
Tripura,Lentil,2016,0.6671052631578948,3800.0,2535.0
Tripura,Lentil,2017,0.7161134163208852,2892.0,2071.0
Tripura,Lentil,2018,0.7459244532803181,2515.0,1876.0
Tripura,Lentil,2019,0.7484191508581752,2214.0,1657.0
Tripura,Maize,1998,0.7456896551724138,2320.0,1730.0
Tripura,Maize,1999,0.8,1250.0,1000.0
Tripura,Maize,2000,1.0,1580.0,1580.0
Tripura,Maize,2001,1.0,2080.0,2080.0
Tripura,Maize,2002,0.9566160520607375,2305.0,2205.0
Tripura,Maize,2003,0.9598214285714286,2240.0,2150.0
Tripura,Maize,2004,1.0634408602150538,2790.0,2967.0
Tripura,Maize,2005,0.9767441860465116,2150.0,2100.0
Tripura,Maize,2006,0.9877551020408163,2450.0,2420.0
Tripura,Maize,2007,1.0009420631182289,2123.0,2125.0
Tripura,Maize,2008,0.9775441949354993,2093.0,2046.0
Tripura,Maize,2009,1.0059464816650148,2018.0,2030.0
Tripura,Maize,2010,1.3234440503063527,3101.0,4104.0
Tripura,Maize,2011,1.3513224686080685,3743.0,5058.0
Tripura,Maize,2012,1.3112968591691996,3948.0,5177.0
Tripura,Maize,2013,1.276104638382062,4549.0,5805.0
Tripura,Maize,2014,1.3195397211772517,4519.0,5963.0
Tripura,Maize,2015,1.3922936199405442,8746.0,12177.0
Tripura,Maize,2016,1.3945971692977681,14696.0,20495.0
Tripura,Maize,2017,1.4281265887137773,15736.0,22473.0
Tripura,Maize,2018,1.4200350394193468,15982.0,22695.0
Tripura,Maize,2019,1.5697984284250086,14635.0,22974.0
Tripura,Rapeseed and Mustard,1998,0.7988980716253443,3630.0,2900.0
Tripura,Rapeseed and Mustard,2004,0.7645348837209303,1720.0,1315.0
Tripura,Rapeseed and Mustard,2005,0.7278950370792926,1753.0,1276.0
Tripura,Rapeseed and Mustard,2006,0.7803899082568807,1744.0,1361.0
Tripura,Rapeseed and Mustard,2007,0.7319090282563749,1451.0,1062.0
Tripura,Rapeseed and Mustard,2008,0.7493702770780857,1588.0,1190.0
Tripura,Rapeseed and Mustard,2009,0.7672240802675585,1495.0,1147.0
Tripura,Rapeseed and Mustard,2010,0.768762677484787,1972.0,1516.0
Tripura,Rapeseed and Mustard,2011,0.7897700610042234,2131.0,1683.0
Tripura,Rapeseed and Mustard,2012,0.7978424015009381,2132.0,1701.0
Tripura,Rapeseed and Mustard,2013,0.8249904470768055,2617.0,2159.0
Tripura,Rapeseed and Mustard,2014,0.8299629255139872,5934.0,4925.0
Tripura,Rapeseed and Mustard,2015,0.8049236522281085,6418.0,5166.0
Tripura,Rapeseed and Mustard,2016,0.8250666666666666,7500.0,6188.0
Tripura,Rapeseed and Mustard,2017,0.8296343810134702,7795.0,6467.0
Tripura,Rapeseed and Mustard,2018,0.8311553887954457,7729.0,6424.0
Tripura,Rapeseed and Mustard,2019,0.8445851804939836,7895.0,6668.0
Tripura,Rice,1998,1.9235029570976214,255487.0,491430.0
Tripura,Rice,1999,2.1781529979324605,232160.0,505680.0
Tripura,Rice,2000,2.2525198502488997,243070.0,547520.0
Tripura,Rice,2001,2.380506585612969,246750.0,587390.0
Tripura,Rice,2002,2.3598934461550516,255270.0,602410.0
Tripura,Rice,2003,2.3959757613424486,257440.0,616820.0
Tripura,Rice,2004,2.351727612115153,256076.0,602221.0
Tripura,Rice,2005,2.3825587690216423,253067.0,602947.0
Tripura,Rice,2006,2.5033972399666853,250939.0,628200.0
Tripura,Rice,2007,2.5323511152761795,252897.0,640424.0
Tripura,Rice,2008,2.581328251689537,242966.0,627175.0
Tripura,Rice,2009,2.6065619170963354,245538.0,640010.0
Tripura,Rice,2010,2.655270299896431,264558.0,702473.0
Tripura,Rice,2011,2.700401129327554,265999.0,718304.0
Tripura,Rice,2012,2.799770749343456,254743.0,713222.0
Tripura,Rice,2013,2.799684567401103,254254.0,711831.0
Tripura,Rice,2014,2.9033516925600433,257273.0,746954.0
Tripura,Rice,2015,2.946140188959684,269793.0,794848.0
Tripura,Rice,2016,2.9398280802292263,277106.0,814644.0
Tripura,Rice,2017,2.9631040471707752,274068.0,812092.0
Tripura,Rice,2018,2.944717928156695,269364.0,793201.0
Tripura,Rice,2019,3.030819009856547,267335.0,810244.0
Tripura,Sugarcane,1998,47.5,1080.0,51300.0
Tripura,Sugarcane,1999,50.54187192118226,1015.0,51300.0
Tripura,Sugarcane,2000,52.01923076923077,1040.0,54100.0
Tripura,Sugarcane,2001,51.666666666666664,1020.0,52700.0
Tripura,Sugarcane,2002,48.872173913043476,1150.0,56203.0
Tripura,Sugarcane,2003,42.419642857142854,1120.0,47510.0
Tripura,Sugarcane,2004,48.94466019417476,1030.0,50413.0
Tripura,Sugarcane,2005,49.58123569794051,874.0,43334.0
Tripura,Sugarcane,2006,48.76064441887227,869.0,42373.0
Tripura,Sugarcane,2007,48.67361835245047,959.0,46678.0
Tripura,Sugarcane,2008,53.184156378600825,972.0,51695.0
Tripura,Sugarcane,2009,51.09556313993174,879.0,44913.0
Tripura,Sugarcane,2010,51.13421342134213,909.0,46481.0
Tripura,Sugarcane,2011,48.86102062975027,921.0,45001.0
Tripura,Sugarcane,2012,50.48555555555556,900.0,45437.0
Tripura,Sugarcane,2013,51.45020746887967,964.0,49598.0
Tripura,Sugarcane,2014,52.34552332912989,793.0,41510.0
Tripura,Sugarcane,2015,51.061790668348046,793.0,40492.0
Tripura,Sugarcane,2016,53.64963503649635,822.0,44100.0
Tripura,Sugarcane,2017,52.715880893300245,806.0,42489.0
Tripura,Sugarcane,2018,54.25075528700906,662.0,35914.0
Tripura,Sugarcane,2019,52.943231441048034,687.0,36372.0
Tripura,Wheat,1998,1.8918918918918919,1110.0,2100.0
Tripura,Wheat,1999,1.92,1250.0,2400.0
Tripura,Wheat,2000,2.0938967136150235,1065.0,2230.0
Tripura,Wheat,2001,2.012295081967213,1220.0,2455.0
Tripura,Wheat,2002,1.9880304678998912,919.0,1827.0
Tripura,Wheat,2003,2.022346368715084,895.0,1810.0
Tripura,Wheat,2004,2.0572033898305087,944.0,1942.0
Tripura,Wheat,2005,1.8194285714285714,1750.0,3184.0
Tripura,Wheat,2006,1.902061855670103,970.0,1845.0
Tripura,Wheat,2007,1.8465298142717497,1023.0,1889.0
Tripura,Wheat,2008,1.8818897637795275,635.0,1195.0
Tripura,Wheat,2009,1.9835082458770614,667.0,1323.0
Tripura,Wheat,2010,2.0158227848101267,316.0,637.0
Tripura,Wheat,2011,1.9562043795620438,274.0,536.0
Tripura,Wheat,2012,2.4760479041916166,334.0,827.0
Tripura,Wheat,2013,2.0,150.0,300.0
Tripura,Wheat,2014,2.251851851851852,135.0,304.0
Tripura,Wheat,2015,2.2362637362637363,182.0,407.0
Tripura,Wheat,2016,2.3,200.0,460.0
Tripura,Wheat,2017,2.0307692307692307,195.0,396.0
Tripura,Wheat,2018,2.1146496815286624,157.0,332.0
Tripura,Wheat,2019,2.2364864864864864,148.0,331.0
Uttar Pradesh,Bajra,1997,1.4496301901812947,864228.0,1252811.0
Uttar Pradesh,Bajra,1998,1.1620227932059397,842795.0,979347.0
Uttar Pradesh,Bajra,1999,1.3954736359292423,835019.0,1165247.0
Uttar Pradesh,Bajra,2000,1.4498813861363662,881010.0,1277360.0
Uttar Pradesh,Bajra,2001,1.1375353080365382,850727.0,967732.0
Uttar Pradesh,Bajra,2002,1.2901687224680203,831306.0,1072525.0
Uttar Pradesh,Bajra,2003,1.285544718578839,924202.0,1188103.0
Uttar Pradesh,Bajra,2004,1.520336430255499,878399.0,1335462.0
Uttar Pradesh,Bajra,2005,1.4336468466147008,869288.0,1246252.0
Uttar Pradesh,Bajra,2006,1.454825728014192,883877.0,1285887.0
Uttar Pradesh,Bajra,2007,1.5238164197774404,876979.0,1336355.0
Uttar Pradesh,Bajra,2008,1.608887927838873,809300.0,1302073.0
Uttar Pradesh,Bajra,2009,1.636440231576789,848617.0,1388711.0
Uttar Pradesh,Bajra,2010,1.6646398053186666,935272.0,1556891.0
Uttar Pradesh,Bajra,2011,1.8388960400555425,887967.0,1632879.0
Uttar Pradesh,Bajra,2012,1.9519132964665644,900540.0,1757776.0
Uttar Pradesh,Bajra,2013,2.0328852297754914,918984.0,1868189.0
Uttar Pradesh,Bajra,2014,1.8997955289558737,951724.0,1808081.0
Uttar Pradesh,Bajra,2015,1.8214510283819256,974881.0,1775698.0
Uttar Pradesh,Bajra,2016,1.9140108887720424,907173.0,1736339.0
Uttar Pradesh,Bajra,2017,1.9398679701792851,925397.0,1795148.0
Uttar Pradesh,Bajra,2018,2.0294767794653734,876724.0,1779291.0
Uttar Pradesh,Bajra,2019,2.1146550502131745,917090.0,1939329.0
Uttar Pradesh,Bajra,2021,2156.0,,
Uttar Pradesh,Bajra,2022,2160.0,,
Uttar Pradesh,Bajra,2023,2173.0,,
Uttar Pradesh,Gram,1997,0.846563750610953,881819.0,746516.0
Uttar Pradesh,Gram,1998,0.8719292288567035,886463.0,772933.0
Uttar Pradesh,Gram,1999,0.9476104506591273,821996.0,778932.0
Uttar Pradesh,Gram,2000,0.8435919506078581,833007.0,702718.0
Uttar Pradesh,Gram,2001,0.971678630314941,840602.0,816795.0
Uttar Pradesh,Gram,2002,0.8955760571217485,855436.0,766108.0
Uttar Pradesh,Gram,2003,1.037046348107122,771682.0,800270.0
Uttar Pradesh,Gram,2004,0.9158916401029168,692987.0,634701.0
Uttar Pradesh,Gram,2005,0.894038829826829,738865.0,660574.0
Uttar Pradesh,Gram,2006,0.7420519674492209,674884.0,500799.0
Uttar Pradesh,Gram,2007,0.7449626270610586,504777.0,376040.0
Uttar Pradesh,Gram,2008,1.0127589577839742,554434.0,561508.0
Uttar Pradesh,Gram,2009,0.8226372609600099,618202.0,508556.0
Uttar Pradesh,Gram,2010,0.9299250029371073,570289.0,530326.0
Uttar Pradesh,Gram,2011,1.185165532596708,576684.0,683466.0
Uttar Pradesh,Gram,2012,1.1200996663990133,604015.0,676557.0
Uttar Pradesh,Gram,2013,0.4601967381248549,577214.0,265632.0
Uttar Pradesh,Gram,2014,0.31722034894345885,558142.0,177054.0
Uttar Pradesh,Gram,2015,0.61058031827642,267629.0,163409.0
Uttar Pradesh,Gram,2016,1.115025120797029,561686.0,626294.0
Uttar Pradesh,Gram,2017,1.155339262963244,500762.0,578550.0
Uttar Pradesh,Gram,2018,1.2717795601895934,572383.0,727945.0
Uttar Pradesh,Gram,2019,1.371204750183641,620776.0,851211.0
Uttar Pradesh,Gram,2021,1346.0,,
Uttar Pradesh,Gram,2022,1321.0,,
Uttar Pradesh,Gram,2023,1153.0,,
Uttar Pradesh,Lentil,1997,0.7225501537488012,505695.0,365390.0
Uttar Pradesh,Lentil,1998,0.72472723673212,545528.0,395359.0
Uttar Pradesh,Lentil,2000,0.6261059027511393,651730.0,408052.0
Uttar Pradesh,Lentil,2001,0.7992994970132664,625265.0,499774.0
Uttar Pradesh,Lentil,2002,0.764381834966624,563280.0,430561.0
Uttar Pradesh,Lentil,2003,0.9004024531811634,571992.0,515023.0
Uttar Pradesh,Lentil,2006,0.7046308311719106,615721.0,433856.0
Uttar Pradesh,Lentil,2007,0.7248494287657594,507235.0,367669.0
Uttar Pradesh,Lentil,2008,0.8827985773981442,520736.0,459705.0
Uttar Pradesh,Lentil,2009,0.8034030772866536,592405.0,475940.0
Uttar Pradesh,Lentil,2010,0.7011526413845346,586132.0,410968.0
Uttar Pradesh,Lentil,2011,0.8812582425633761,573244.0,505176.0
Uttar Pradesh,Lentil,2012,0.8899527523426879,495051.0,440572.0
Uttar Pradesh,Lentil,2013,0.6905984009402044,449264.0,310261.0
Uttar Pradesh,Lentil,2014,0.5367717723544572,438067.0,235142.0
Uttar Pradesh,Lentil,2015,0.7103346280250971,334700.0,237749.0
Uttar Pradesh,Lentil,2016,0.9643327525134775,488964.0,471524.0
Uttar Pradesh,Lentil,2017,1.0287701464312922,484391.0,498327.0
Uttar Pradesh,Lentil,2018,1.0261856159905482,475681.0,488137.0
Uttar Pradesh,Lentil,2019,0.9781860872642832,463374.0,453266.0
Uttar Pradesh,Lentil,2021,944.0,,
Uttar Pradesh,Lentil,2022,950.0,,
Uttar Pradesh,Lentil,2023,1000.0,,
Uttar Pradesh,Maize,1997,1.5708872863887033,1027977.0,1614836.0
Uttar Pradesh,Maize,1998,1.0171432262295734,1006345.0,1023597.0
Uttar Pradesh,Maize,1999,1.4449508416728616,967181.0,1397529.0
Uttar Pradesh,Maize,2000,1.622488572945818,920841.0,1494054.0
Uttar Pradesh,Maize,2001,1.6287399168972987,931137.0,1516580.0
Uttar Pradesh,Maize,2002,1.107425457754019,775198.0,858474.0
Uttar Pradesh,Maize,2003,1.3673043631070128,842198.0,1151541.0
Uttar Pradesh,Maize,2004,1.5535336626839593,845907.0,1314145.0
Uttar Pradesh,Maize,2005,1.2842148521669592,810306.0,1040607.0
Uttar Pradesh,Maize,2006,1.33525463124962,871633.0,1163852.0
Uttar Pradesh,Maize,2007,1.4432653451044297,837645.0,1208944.0
Uttar Pradesh,Maize,2008,1.5006546648941896,798882.0,1198846.0
Uttar Pradesh,Maize,2009,1.4658795706389758,708681.0,1038841.0
Uttar Pradesh,Maize,2010,1.4773404517846103,753722.0,1113504.0
Uttar Pradesh,Maize,2011,1.6615396729239613,787401.0,1308298.0
Uttar Pradesh,Maize,2012,1.8597131246102236,735999.0,1368747.0
Uttar Pradesh,Maize,2013,1.8672435869018158,766946.0,1432075.0
Uttar Pradesh,Maize,2014,1.7872883522667735,715753.0,1279257.0
Uttar Pradesh,Maize,2015,1.8541894197952218,703200.0,1303866.0
Uttar Pradesh,Maize,2016,1.8905093740700327,806480.0,1524658.0
Uttar Pradesh,Maize,2017,2.2073699890797593,724343.0,1598893.0
Uttar Pradesh,Maize,2018,2.080246922001296,733025.0,1524873.0
Uttar Pradesh,Maize,2019,2.4745560458280584,729073.0,1804132.0
Uttar Pradesh,Maize,2021,2170.0,,
Uttar Pradesh,Maize,2022,2191.0,,
Uttar Pradesh,Maize,2023,2417.0,,
Uttar Pradesh,Rapeseed and Mustard,1997,0.5864359039217546,759048.0,445133.0
Uttar Pradesh,Rapeseed and Mustard,1998,0.8259944749335288,675105.0,557633.0
Uttar Pradesh,Rapeseed and Mustard,1999,1.019774606109987,655386.0,668346.0
Uttar Pradesh,Rapeseed and Mustard,2000,1.0004261501558955,556142.0,556379.0
Uttar Pradesh,Rapeseed and Mustard,2001,1.0126561272497772,566445.0,573614.0
Uttar Pradesh,Rapeseed and Mustard,2002,0.8962394608838457,558989.0,500988.0
Uttar Pradesh,Rapeseed and Mustard,2003,0.9951857344039992,536115.0,533534.0
Uttar Pradesh,Rapeseed and Mustard,2004,0.9924851286693392,618640.0,613991.0
Uttar Pradesh,Rapeseed and Mustard,2005,1.1488875451295641,562270.0,645985.0
Uttar Pradesh,Rapeseed and Mustard,2006,1.0223920078372861,599187.0,612604.0
Uttar Pradesh,Rapeseed and Mustard,2007,1.1575073593749752,627431.0,726256.0
Uttar Pradesh,Rapeseed and Mustard,2008,1.1226515852133094,656347.0,736849.0
Uttar Pradesh,Rapeseed and Mustard,2009,1.1128578323625904,613276.0,682489.0
Uttar Pradesh,Rapeseed and Mustard,2010,1.1878202696187663,603593.0,716960.0
Uttar Pradesh,Rapeseed and Mustard,2011,1.1356078039958637,639211.0,725893.0
Uttar Pradesh,Rapeseed and Mustard,2012,1.2617653542213352,662326.0,835700.0
Uttar Pradesh,Rapeseed and Mustard,2013,1.0137196755329183,662625.0,671716.0
Uttar Pradesh,Rapeseed and Mustard,2014,0.776683582761876,626031.0,486228.0
Uttar Pradesh,Rapeseed and Mustard,2015,1.0156147036071397,593351.0,602616.0
Uttar Pradesh,Rapeseed and Mustard,2016,1.2446972752889691,689174.0,857813.0
Uttar Pradesh,Rapeseed and Mustard,2017,1.3916989392401595,678853.0,944759.0
Uttar Pradesh,Rapeseed and Mustard,2018,1.483306137568526,753181.0,1117198.0
Uttar Pradesh,Rapeseed and Mustard,2019,1.260379661653547,702889.0,885907.0
Uttar Pradesh,Rapeseed and Mustard,2021,1368.0,,
Uttar Pradesh,Rapeseed and Mustard,2022,1497.0,,
Uttar Pradesh,Rapeseed and Mustard,2023,1462.0,,
Uttar Pradesh,Rice,1997,2.1421224412337128,5733134.0,12281075.0
Uttar Pradesh,Rice,1998,1.9362583071435058,5880782.0,11386713.0
Uttar Pradesh,Rice,1999,2.176634777519219,6085874.0,13246725.0
Uttar Pradesh,Rice,2000,1.9771204426634768,5907151.0,11679149.0
Uttar Pradesh,Rice,2001,2.1174713921590427,6071325.0,12855857.0
Uttar Pradesh,Rice,2002,1.8406975524170368,5213429.0,9596346.0
Uttar Pradesh,Rice,2003,2.181465847453425,5727772.0,12494939.0
Uttar Pradesh,Rice,2004,1.811468715060735,5934405.0,10749989.0
Uttar Pradesh,Rice,2005,1.995700817227028,5571524.0,11119095.0
Uttar Pradesh,Rice,2006,1.8787500304015436,5920752.0,11123613.0
Uttar Pradesh,Rice,2007,2.063288044182669,5709388.0,11780112.0
Uttar Pradesh,Rice,2008,2.1707611087777967,6033382.0,13097031.0
Uttar Pradesh,Rice,2009,2.083325648819456,5172741.0,10776504.0
Uttar Pradesh,Rice,2010,2.11987813479416,5657070.0,11992299.0
Uttar Pradesh,Rice,2011,2.35817691213926,5946285.0,14022392.0
Uttar Pradesh,Rice,2012,2.4595197774138833,5861282.0,14415939.0
Uttar Pradesh,Rice,2013,2.446495025632822,5982369.0,14635836.0
Uttar Pradesh,Rice,2014,2.2678851207838724,5871976.0,13316967.0
Uttar Pradesh,Rice,2015,2.1325613608914304,5862040.0,12501160.0
Uttar Pradesh,Rice,2016,2.4150629503306904,5991708.0,14470352.0
Uttar Pradesh,Rice,2017,2.6197783724579784,5923632.0,15518603.0
Uttar Pradesh,Rice,2018,2.704143968530052,5924128.0,16019695.0
Uttar Pradesh,Rice,2019,2.874221116953103,5924349.0,17027889.0
Uttar Pradesh,Rice,2021,2678.0,,
Uttar Pradesh,Rice,2022,2737.0,,
Uttar Pradesh,Rice,2023,2772.0,,
Uttar Pradesh,Sugarcane,1997,60.96856032956783,1991942.0,121445836.0
Uttar Pradesh,Sugarcane,1998,58.989627486906485,1974642.0,116483396.0
Uttar Pradesh,Sugarcane,1999,57.39309078360079,2011024.0,115418883.0
Uttar Pradesh,Sugarcane,2000,54.720059575952114,1938366.0,106067503.0
Uttar Pradesh,Sugarcane,2001,57.979536415607186,2034883.0,117981573.0
Uttar Pradesh,Sugarcane,2002,56.28157764075159,2148981.0,120948041.0
Uttar Pradesh,Sugarcane,2003,55.71549992749248,2110126.0,117566725.0
Uttar Pradesh,Sugarcane,2004,60.807273562667305,2002320.0,121755620.0
Uttar Pradesh,Sugarcane,2005,58.20131496977211,2155791.0,125469871.0
Uttar Pradesh,Sugarcane,2006,59.625277762940016,2246520.0,133949379.0
Uttar Pradesh,Sugarcane,2007,57.21249736689572,2178987.0,124665288.0
Uttar Pradesh,Sugarcane,2008,52.321643198592824,2084179.0,109047670.0
Uttar Pradesh,Sugarcane,2009,59.241641228245854,1977324.0,117139919.0
Uttar Pradesh,Sugarcane,2010,56.730961714944584,2124850.0,120544784.0
Uttar Pradesh,Sugarcane,2011,59.57200550868385,2162404.0,128818743.0
Uttar Pradesh,Sugarcane,2012,62.351841017275305,2211712.0,137904315.0
Uttar Pradesh,Sugarcane,2013,63.75254120139313,2228080.0,142045762.0
Uttar Pradesh,Sugarcane,2014,65.78079767136794,2228261.0,146576786.0
Uttar Pradesh,Sugarcane,2015,67.03195277948885,2168888.0,145384798.0
Uttar Pradesh,Sugarcane,2016,72.66677084100172,2159841.0,156948671.0
Uttar Pradesh,Sugarcane,2017,79.24532802931769,2234282.0,177056410.0
Uttar Pradesh,Sugarcane,2018,80.80661658733567,2223805.0,179698158.0
Uttar Pradesh,Sugarcane,2019,81.31320168433675,2208347.0,179567765.0
Uttar Pradesh,Sugarcane,2021,82300.0,,
Uttar Pradesh,Sugarcane,2022,80244.0,,
Uttar Pradesh,Sugarcane,2023,81346.0,,
Uttar Pradesh,Wheat,1997,2.49438059602348,9152928.0,22830886.0
Uttar Pradesh,Wheat,1998,2.5182907014281324,9317904.0,23465191.0
Uttar Pradesh,Wheat,1999,2.7767114430607602,9381878.0,26050768.0
Uttar Pradesh,Wheat,2000,2.7240485789470665,9239311.0,25168332.0
Uttar Pradesh,Wheat,2001,2.7547726394421224,9255937.0,25498002.0
Uttar Pradesh,Wheat,2002,2.591488864313537,9162749.0,23745162.0
Uttar Pradesh,Wheat,2003,2.7903865085039836,9443104.0,26349910.0
Uttar Pradesh,Wheat,2004,2.4996307637291135,9373402.0,23430044.0
Uttar Pradesh,Wheat,2005,2.572447315016703,9163949.0,23573776.0
Uttar Pradesh,Wheat,2006,2.7662990144647943,9197642.0,25443428.0
Uttar Pradesh,Wheat,2007,2.8172712092753827,9114880.0,25679089.0
Uttar Pradesh,Wheat,2008,3.001583195443643,9513039.0,28554178.0
Uttar Pradesh,Wheat,2009,2.846254589294831,9668152.0,27518022.0
Uttar Pradesh,Wheat,2010,3.1132161543458543,9636540.0,30000632.0
Uttar Pradesh,Wheat,2011,3.277359818726461,9731150.0,31892480.0
Uttar Pradesh,Wheat,2012,3.2189918711615633,9733617.0,31332434.0
Uttar Pradesh,Wheat,2013,3.200734368871769,9839197.0,31492656.0
Uttar Pradesh,Wheat,2014,2.036750139593231,9846466.0,20054791.0
Uttar Pradesh,Wheat,2015,2.7863983822226976,9644838.0,26874361.0
Uttar Pradesh,Wheat,2016,3.5378542026621784,9884913.0,34971381.0
Uttar Pradesh,Wheat,2017,3.6548632868793116,9752941.0,35645666.0
Uttar Pradesh,Wheat,2018,3.8595890786229567,9855900.0,38039724.0
Uttar Pradesh,Wheat,2019,3.6751738441314004,9852504.0,36209665.0
Uttar Pradesh,Wheat,2021,3604.0,,
Uttar Pradesh,Wheat,2022,3531.0,,
Uttar Pradesh,Wheat,2023,3708.0,,
Uttarakhand,Bajra,2000,1.3636363636363635,11.0,15.0
Uttarakhand,Bajra,2001,1.2954545454545454,44.0,57.0
Uttarakhand,Bajra,2002,1.25,4.0,5.0
Uttarakhand,Bajra,2003,1.0,3.0,3.0
Uttarakhand,Bajra,2006,1.1818181818181819,11.0,13.0
Uttarakhand,Bajra,2007,0.9523809523809523,42.0,40.0
Uttarakhand,Bajra,2008,0.95,20.0,19.0
Uttarakhand,Bajra,2009,1.0,1.0,1.0
Uttarakhand,Bajra,2012,1.0,1.0,1.0
Uttarakhand,Bajra,2013,1.0,1.0,1.0
Uttarakhand,Bajra,2014,1.0,2.0,2.0
Uttarakhand,Bajra,2015,1.0,2.0,2.0
Uttarakhand,Gram,2000,0.6878147029204431,993.0,683.0
Uttarakhand,Gram,2001,0.6894360603653693,1259.0,868.0
Uttarakhand,Gram,2002,0.6048218029350105,954.0,577.0
Uttarakhand,Gram,2003,0.7845953002610966,766.0,601.0
Uttarakhand,Gram,2004,0.7764277035236938,823.0,639.0
Uttarakhand,Gram,2005,0.6980088495575221,904.0,631.0
Uttarakhand,Gram,2006,0.7685290763968073,877.0,674.0
Uttarakhand,Gram,2007,0.6865079365079365,756.0,519.0
Uttarakhand,Gram,2008,0.4773060029282577,683.0,326.0
Uttarakhand,Gram,2009,0.7215909090909091,528.0,381.0
Uttarakhand,Gram,2010,0.7802197802197802,728.0,568.0
Uttarakhand,Gram,2011,0.7972222222222223,720.0,574.0
Uttarakhand,Gram,2012,0.8447412353923205,599.0,506.0
Uttarakhand,Gram,2013,0.8453427065026362,569.0,481.0
Uttarakhand,Gram,2014,0.8552412645590682,601.0,514.0
Uttarakhand,Gram,2015,0.8359133126934984,646.0,540.0
Uttarakhand,Gram,2016,0.8048452220726783,743.0,598.0
Uttarakhand,Gram,2017,0.8301886792452831,530.0,440.0
Uttarakhand,Gram,2018,0.8125786163522013,795.0,646.0
Uttarakhand,Gram,2019,0.7576177285318559,722.0,547.0
Uttarakhand,Gram,2020,0.7664835164835165,728.0,558.0
Uttarakhand,Lentil,2000,0.5334205362982342,15290.0,8156.0
Uttarakhand,Lentil,2001,0.5222882107993719,14649.0,7651.0
Uttarakhand,Lentil,2002,0.44543630198602174,14451.0,6437.0
Uttarakhand,Lentil,2003,0.6169736615596488,11618.0,7168.0
Uttarakhand,Lentil,2004,0.5931542828094553,11803.0,7001.0
Uttarakhand,Lentil,2005,0.4950662966389146,12972.0,6422.0
Uttarakhand,Lentil,2006,0.4611501143803739,12677.0,5846.0
Uttarakhand,Lentil,2007,0.455256139060057,10873.0,4950.0
Uttarakhand,Lentil,2008,0.36333849094384274,10987.0,3992.0
Uttarakhand,Lentil,2009,0.5765381764269829,10792.0,6222.0
Uttarakhand,Lentil,2010,0.7468939874852635,11027.0,8236.0
Uttarakhand,Lentil,2011,0.8239205684095464,10978.0,9045.0
Uttarakhand,Lentil,2012,0.8161625282167043,11075.0,9039.0
Uttarakhand,Lentil,2013,0.8966358369753024,9839.0,8822.0
Uttarakhand,Lentil,2014,0.7057694153787079,10417.0,7352.0
Uttarakhand,Lentil,2015,0.7490789604699791,10043.0,7523.0
Uttarakhand,Lentil,2016,0.7450199203187251,10291.0,7667.0
Uttarakhand,Lentil,2017,0.6928421052631579,9500.0,6582.0
Uttarakhand,Lentil,2018,0.878632668967821,8981.0,7891.0
Uttarakhand,Lentil,2019,1.0155182510247902,10246.0,10405.0
Uttarakhand,Lentil,2020,0.7568678347393467,9246.0,6998.0
Uttarakhand,Maize,2000,1.4435132716969878,33530.0,48401.0
Uttarakhand,Maize,2001,1.235973747088891,33063.0,40865.0
Uttarakhand,Maize,2002,1.1282356233384636,28588.0,32254.0
Uttarakhand,Maize,2003,1.5207682000893257,31346.0,47670.0
Uttarakhand,Maize,2004,1.525409974640744,29575.0,45114.0
Uttarakhand,Maize,2005,1.2687772162359747,31461.0,39917.0
Uttarakhand,Maize,2006,1.3206944648362942,27244.0,35981.0
Uttarakhand,Maize,2007,1.5594330888113381,28082.0,43792.0
Uttarakhand,Maize,2008,1.3559467103304554,26872.0,36437.0
Uttarakhand,Maize,2009,1.3831307804020485,26166.0,36191.0
Uttarakhand,Maize,2010,1.5471683741478464,26257.0,40624.0
Uttarakhand,Maize,2011,1.503899055605627,25519.0,38378.0
Uttarakhand,Maize,2012,1.4840325850001912,26147.0,38803.0
Uttarakhand,Maize,2013,1.4345687388686286,23582.0,33830.0
Uttarakhand,Maize,2014,2.068465515067457,23793.0,49215.0
Uttarakhand,Maize,2015,1.7237210141658397,22166.0,38208.0
Uttarakhand,Maize,2016,1.6886419979799834,21782.0,36782.0
Uttarakhand,Maize,2017,2.0438386354925258,20872.0,42659.0
Uttarakhand,Maize,2018,1.8833239805462028,21384.0,40273.0
Uttarakhand,Maize,2019,1.9166782649037346,21555.0,41314.0
Uttarakhand,Maize,2020,2.0878612716763008,19895.0,41538.0
Uttarakhand,Rapeseed and Mustard,2000,0.6062210950320752,13406.0,8127.0
Uttarakhand,Rapeseed and Mustard,2001,0.6406952098346758,11795.0,7557.0
Uttarakhand,Rapeseed and Mustard,2002,0.5687647728267531,11423.0,6497.0
Uttarakhand,Rapeseed and Mustard,2003,0.79912315663611,12545.0,10025.0
Uttarakhand,Rapeseed and Mustard,2004,0.6490872210953347,14790.0,9600.0
Uttarakhand,Rapeseed and Mustard,2005,0.6439030628556813,15639.0,10070.0
Uttarakhand,Rapeseed and Mustard,2006,0.5624629080118695,13480.0,7582.0
Uttarakhand,Rapeseed and Mustard,2007,0.6406120073174788,12026.0,7704.0
Uttarakhand,Rapeseed and Mustard,2008,0.6560451414820346,12051.0,7906.0
Uttarakhand,Rapeseed and Mustard,2009,0.836854103343465,13160.0,11013.0
Uttarakhand,Rapeseed and Mustard,2010,0.812445707968096,12663.0,10288.0
Uttarakhand,Rapeseed and Mustard,2011,0.785489468162376,12391.0,9733.0
Uttarakhand,Rapeseed and Mustard,2012,0.9135065719897265,13238.0,12093.0
Uttarakhand,Rapeseed and Mustard,2013,0.7600530635934002,12061.0,9167.0
Uttarakhand,Rapeseed and Mustard,2014,0.7090093936806149,14052.0,9963.0
Uttarakhand,Rapeseed and Mustard,2015,0.9459063136456212,12275.0,11611.0
Uttarakhand,Rapeseed and Mustard,2016,0.8541805524698215,13503.0,11534.0
Uttarakhand,Rapeseed and Mustard,2017,0.818569746909947,13592.0,11126.0
Uttarakhand,Rapeseed and Mustard,2018,0.9325928180158247,13144.0,12258.0
Uttarakhand,Rapeseed and Mustard,2019,0.9867869293456761,12639.0,12472.0
Uttarakhand,Rapeseed and Mustard,2020,0.9013688212927756,13150.0,11853.0
Uttarakhand,Rice,2000,2.039631748363692,288607.0,588652.0
Uttarakhand,Rice,2001,2.0364154517055137,284577.0,579517.0
Uttarakhand,Rice,2002,1.9003192776117017,275309.0,523175.0
Uttarakhand,Rice,2003,1.954223549180387,277326.0,541957.0
Uttarakhand,Rice,2004,1.9387248031836664,288975.0,560243.0
Uttarakhand,Rice,2005,2.001075835882291,284430.0,569166.0
Uttarakhand,Rice,2006,2.0146904808082233,283585.0,571336.0
Uttarakhand,Rice,2007,2.0761622374333593,272169.0,565067.0
Uttarakhand,Rice,2008,1.9708390407989873,288365.0,568321.0
Uttarakhand,Rice,2009,2.0782395572168517,284383.0,591016.0
Uttarakhand,Rice,2010,1.9096932721487752,285693.0,545586.0
Uttarakhand,Rice,2011,2.1446041621969534,274999.0,589764.0
Uttarakhand,Rice,2012,2.254114404780918,269237.0,606891.0
Uttarakhand,Rice,2013,2.286491967352793,259379.0,593068.0
Uttarakhand,Rice,2014,2.3101825507897207,260092.0,600860.0
Uttarakhand,Rice,2015,2.420352480713106,265206.0,641892.0
Uttarakhand,Rice,2016,2.3978009098388062,266201.0,638297.0
Uttarakhand,Rice,2017,2.5523701303686868,260492.0,664872.0
Uttarakhand,Rice,2018,2.415800391751623,259348.0,626533.0
Uttarakhand,Rice,2019,2.6279244785302254,257781.0,677429.0
Uttarakhand,Rice,2020,2.816039587795577,257251.0,724429.0
Uttarakhand,Sugarcane,2000,58.65004550215491,116478.0,6831440.0
Uttarakhand,Sugarcane,2001,58.65750988308875,118637.0,6958951.0
Uttarakhand,Sugarcane,2002,60.126399516549206,122453.0,7362658.0
Uttarakhand,Sugarcane,2003,60.09069363518913,116877.0,7023220.0
Uttarakhand,Sugarcane,2004,59.83659085134614,106267.0,6358655.0
Uttarakhand,Sugarcane,2005,61.585505067379444,107748.0,6635715.0
Uttarakhand,Sugarcane,2006,61.1365284472823,118869.0,7267238.0
Uttarakhand,Sugarcane,2007,61.97965446043107,122533.0,7594553.0
Uttarakhand,Sugarcane,2008,52.66914101958168,107907.0,5683369.0
Uttarakhand,Sugarcane,2009,60.89218706244749,99988.0,6088488.0
Uttarakhand,Sugarcane,2010,60.89211148219761,102402.0,6235474.0
Uttarakhand,Sugarcane,2011,60.916207657614436,104210.0,6348078.0
Uttarakhand,Sugarcane,2012,61.0148197301482,103983.0,6344504.0
Uttarakhand,Sugarcane,2013,56.91535131785275,106499.0,6061428.0
Uttarakhand,Sugarcane,2014,60.642713203688814,100737.0,6108965.0
Uttarakhand,Sugarcane,2015,59.201720781259816,95538.0,5656014.0
Uttarakhand,Sugarcane,2016,59.19211913690962,91995.0,5445379.0
Uttarakhand,Sugarcane,2017,69.70003711061145,91618.0,6385778.0
Uttarakhand,Sugarcane,2018,69.55424657829275,92863.0,6459016.0
Uttarakhand,Sugarcane,2019,75.40430928016937,90688.0,6838266.0
Uttarakhand,Sugarcane,2020,88.3781934711257,90184.0,7970299.0
Uttarakhand,Sugarcane,2021,80000.0,,
Uttarakhand,Sugarcane,2022,80000.0,,
Uttarakhand,Sugarcane,2023,82646.0,,
Uttarakhand,Wheat,2000,1.8843377325488948,377340.0,711036.0
Uttarakhand,Wheat,2001,1.9193652634406744,375967.0,721618.0
Uttarakhand,Wheat,2002,1.9254246242015784,374802.0,721653.0
Uttarakhand,Wheat,2003,1.9031761640326876,383387.0,729653.0
Uttarakhand,Wheat,2004,2.0646210440115422,387103.0,799221.0
Uttarakhand,Wheat,2005,1.6934423592634684,379237.0,642216.0
Uttarakhand,Wheat,2006,2.1079948130309365,377870.0,796548.0
Uttarakhand,Wheat,2007,2.1404996795550777,372919.0,798233.0
Uttarakhand,Wheat,2008,2.0336920077767022,379081.0,770934.0
Uttarakhand,Wheat,2009,2.2242936762094807,372846.0,829319.0
Uttarakhand,Wheat,2010,2.3783958515724963,371225.0,882920.0
Uttarakhand,Wheat,2011,2.432396097303044,355549.0,864836.0
Uttarakhand,Wheat,2012,2.441649102436876,349669.0,853769.0
Uttarakhand,Wheat,2013,2.4681102442402882,343637.0,848134.0
Uttarakhand,Wheat,2014,1.9251713538773814,343879.0,662026.0
Uttarakhand,Wheat,2015,2.3066394279877427,342650.0,790370.0
Uttarakhand,Wheat,2016,2.625952669831435,339572.0,891700.0
Uttarakhand,Wheat,2017,2.8144103680073607,330401.0,929884.0
Uttarakhand,Wheat,2018,3.017241715780024,307452.0,927657.0
Uttarakhand,Wheat,2019,2.9261119152738533,303283.0,887440.0
Uttarakhand,Wheat,2020,3.1528858739724552,297189.0,937003.0
West Bengal,Bajra,1997,0.45893719806763283,207.0,95.0
West Bengal,Bajra,1998,0.48,175.0,84.0
West Bengal,Bajra,1999,0.6575342465753424,146.0,96.0
West Bengal,Bajra,2000,0.8178913738019169,313.0,256.0
West Bengal,Bajra,2001,0.7576470588235295,425.0,322.0
West Bengal,Bajra,2002,0.7590361445783133,332.0,252.0
West Bengal,Bajra,2003,0.6937984496124031,258.0,179.0
West Bengal,Bajra,2004,0.3488372093023256,129.0,45.0
West Bengal,Bajra,2005,0.34545454545454546,55.0,19.0
West Bengal,Bajra,2006,0.3924050632911392,79.0,31.0
West Bengal,Bajra,2007,0.359375,64.0,23.0
West Bengal,Bajra,2008,0.3466666666666667,75.0,26.0
West Bengal,Bajra,2009,0.4339622641509434,53.0,23.0
West Bengal,Bajra,2010,0.375,64.0,24.0
West Bengal,Bajra,2011,0.3728813559322034,59.0,22.0
West Bengal,Bajra,2012,0.4166666666666667,60.0,25.0
West Bengal,Bajra,2013,0.2916666666666667,144.0,42.0
West Bengal,Bajra,2014,0.2926829268292683,164.0,48.0
West Bengal,Bajra,2015,0.29518072289156627,166.0,49.0
West Bengal,Bajra,2016,0.2934131736526946,167.0,49.0
West Bengal,Bajra,2017,0.4,30.0,12.0
West Bengal,Bajra,2018,0.4084507042253521,71.0,29.0
West Bengal,Bajra,2019,0.39705882352941174,68.0,27.0
West Bengal,Gram,1997,0.6668236217382775,25485.0,16994.0
West Bengal,Gram,1998,0.8146955252082797,23286.0,18971.0
West Bengal,Gram,1999,0.8250432038470208,26618.0,21961.0
West Bengal,Gram,2000,0.91743622565603,54685.0,50170.0
West Bengal,Gram,2001,0.850546899590809,50832.0,43235.0
West Bengal,Gram,2002,0.7800917161008035,47538.0,37084.0
West Bengal,Gram,2003,1.025509765120881,46492.0,47678.0
West Bengal,Gram,2004,1.023929238950167,37987.0,38896.0
West Bengal,Gram,2005,0.9107348019381587,40038.0,36464.0
West Bengal,Gram,2006,0.7682301678841471,31212.0,23978.0
West Bengal,Gram,2007,0.9833943931188277,25112.0,24695.0
West Bengal,Gram,2008,1.0392310529227364,21692.0,22543.0
West Bengal,Gram,2009,1.1095286226224386,21766.0,24150.0
West Bengal,Gram,2010,1.0691383670520231,22144.0,23675.0
West Bengal,Gram,2011,1.049204984959175,23270.0,24415.0
West Bengal,Gram,2012,1.1757310523174855,25135.0,29552.0
West Bengal,Gram,2013,1.1752800867365378,24903.0,29268.0
West Bengal,Gram,2014,1.1782862818504793,26177.0,30844.0
West Bengal,Gram,2015,0.7977396726422448,30792.0,24564.0
West Bengal,Gram,2016,1.0133703150558282,28122.0,28498.0
West Bengal,Gram,2017,1.432456169982772,29603.0,42405.0
West Bengal,Gram,2018,1.179101567939399,35907.0,42338.0
West Bengal,Gram,2019,1.3134365565188488,36103.0,47419.0
West Bengal,Lentil,1997,0.684348267645795,51202.0,35040.0
West Bengal,Lentil,1998,0.6856834684797473,51919.0,35600.0
West Bengal,Lentil,1999,0.58143294758339,58760.0,34165.0
West Bengal,Lentil,2000,0.9013869516014422,75994.0,68500.0
West Bengal,Lentil,2001,0.524286534878182,71377.0,37422.0
West Bengal,Lentil,2002,0.6292836250927664,68721.0,43245.0
West Bengal,Lentil,2003,0.7665897953300663,69380.0,53186.0
West Bengal,Lentil,2004,0.6040703052728955,62698.0,37874.0
West Bengal,Lentil,2005,0.763729204950157,61493.0,46964.0
West Bengal,Lentil,2006,0.6642382353399026,64239.0,42670.0
West Bengal,Lentil,2007,0.7629773396666496,58737.0,44815.0
West Bengal,Lentil,2008,0.6523173479240425,49712.0,32428.0
West Bengal,Lentil,2009,0.9115052806684978,51698.0,47123.0
West Bengal,Lentil,2010,0.9290128292164952,57447.0,53369.0
West Bengal,Lentil,2011,0.7031315873792138,59299.0,41695.0
West Bengal,Lentil,2012,0.9549717107936607,63982.0,61101.0
West Bengal,Lentil,2013,0.9585255568115854,65462.0,62747.0
West Bengal,Lentil,2014,0.9627720851270236,65972.0,63516.0
West Bengal,Lentil,2015,0.6655353738503761,95466.0,63536.0
West Bengal,Lentil,2016,0.9121084784067234,84957.0,77490.0
West Bengal,Lentil,2017,0.9521878088539193,155818.0,148368.0
West Bengal,Lentil,2018,0.8288484136310224,170200.0,141070.0
West Bengal,Lentil,2019,0.8358785060311001,172025.0,143792.0
West Bengal,Lentil,2021,769.0,,
West Bengal,Lentil,2022,960.0,,
West Bengal,Lentil,2023,913.0,,
West Bengal,Maize,1997,3.676167921283374,35469.0,130390.0
West Bengal,Maize,1998,3.1454866429554245,38519.0,121161.0
West Bengal,Maize,1999,1.983603290728458,35129.0,69682.0
West Bengal,Maize,2000,2.502736269033374,35267.0,88264.0
West Bengal,Maize,2001,2.5958002883922133,33288.0,86409.0
West Bengal,Maize,2002,1.994661664983408,27724.0,55300.0
West Bengal,Maize,2003,2.270106248874482,55530.0,126059.0
West Bengal,Maize,2004,2.9483049405065835,64629.0,190546.0
West Bengal,Maize,2005,2.8884088470168496,71753.0,207252.0
West Bengal,Maize,2006,2.9668445567961053,85446.0,253505.0
West Bengal,Maize,2007,3.166560843818434,77173.0,244373.0
West Bengal,Maize,2008,3.783396126644193,90774.0,343434.0
West Bengal,Maize,2009,3.9422305456629414,97716.0,385219.0
West Bengal,Maize,2010,3.974325421893331,88648.0,352316.0
West Bengal,Maize,2011,3.7217441076064515,97838.0,364128.0
West Bengal,Maize,2012,3.750942997431145,123012.0,461411.0
West Bengal,Maize,2013,4.311770346897932,143904.0,620481.0
West Bengal,Maize,2014,4.281270380837566,151797.0,649884.0
West Bengal,Maize,2015,4.326325620277304,153117.0,662434.0
West Bengal,Maize,2016,4.608485515891224,163455.0,753280.0
West Bengal,Maize,2017,5.804463601220089,245228.0,1423417.0
West Bengal,Maize,2018,6.556443008376781,264302.0,1732881.0
West Bengal,Maize,2019,6.754009558920924,362384.0,2447545.0
West Bengal,Maize,2021,6989.0,,
West Bengal,Maize,2022,6285.0,,
West Bengal,Maize,2023,6633.0,,
West Bengal,Rapeseed and Mustard,1997,0.7671426344219147,327123.0,250950.0
West Bengal,Rapeseed and Mustard,1998,0.7310415323587661,344358.0,251740.0
West Bengal,Rapeseed and Mustard,1999,0.805119652215134,345961.0,278540.0
West Bengal,Rapeseed and Mustard,2000,0.9564722773957679,435998.0,417020.0
West Bengal,Rapeseed and Mustard,2001,0.7656138387271428,439578.0,336547.0
West Bengal,Rapeseed and Mustard,2002,0.8036764885982316,408270.0,328117.0
West Bengal,Rapeseed and Mustard,2003,0.9279516462316538,452002.0,419436.0
West Bengal,Rapeseed and Mustard,2004,0.749074853277085,457495.0,342698.0
West Bengal,Rapeseed and Mustard,2005,0.9087009440475654,421483.0,383002.0
West Bengal,Rapeseed and Mustard,2006,0.8032344693752639,421522.0,338581.0
West Bengal,Rapeseed and Mustard,2007,0.8876043563403992,407498.0,361697.0
West Bengal,Rapeseed and Mustard,2008,0.7644586024320708,412488.0,315330.0
West Bengal,Rapeseed and Mustard,2009,1.0795285607748137,410318.0,442950.0
West Bengal,Rapeseed and Mustard,2010,1.0213903352783518,410793.0,419580.0
West Bengal,Rapeseed and Mustard,2011,0.9080775163121345,419473.0,380914.0
West Bengal,Rapeseed and Mustard,2012,1.0624588850751144,446918.0,474832.0
West Bengal,Rapeseed and Mustard,2013,1.0657458575851946,448591.0,478084.0
West Bengal,Rapeseed and Mustard,2014,1.069203882283182,448602.0,479647.0
West Bengal,Rapeseed and Mustard,2015,1.0707399220674834,457832.0,490219.0
West Bengal,Rapeseed and Mustard,2016,1.0774681173152112,459105.0,494671.0
West Bengal,Rapeseed and Mustard,2017,1.197105048978758,616798.0,738372.0
West Bengal,Rapeseed and Mustard,2018,1.2122742943526759,605933.0,734557.0
West Bengal,Rapeseed and Mustard,2019,1.167052204940351,610402.0,712371.0
West Bengal,Rapeseed and Mustard,2021,1218.0,,
West Bengal,Rapeseed and Mustard,2022,1243.0,,
West Bengal,Rapeseed and Mustard,2023,1244.0,,
West Bengal,Rice,1997,2.2433841252903677,5900278.0,13236590.0
West Bengal,Rice,1998,2.2554603203369865,5904095.0,13316452.0
West Bengal,Rice,1999,2.2371866463515855,6150439.0,13759680.0
West Bengal,Rice,2000,2.2865316375862115,5435323.0,12428038.0
West Bengal,Rice,2001,2.5105087380955453,5503087.0,13815548.0
West Bengal,Rice,2002,2.4630135565351456,5842127.0,14389238.0
West Bengal,Rice,2003,2.503538140769903,5856607.0,14662239.0
West Bengal,Rice,2004,2.5736315690555367,5783613.0,14884889.0
West Bengal,Rice,2005,2.5092287689204937,5782949.0,14510742.0
West Bengal,Rice,2006,2.5928994898565647,5687028.0,14745892.0
West Bengal,Rice,2007,2.573452883908489,5719755.0,14719520.0
West Bengal,Rice,2008,2.533357503484006,5935696.0,15037240.0
West Bengal,Rice,2009,2.5471337517395356,5630095.0,14340605.0
West Bengal,Rice,2010,2.708174475430135,4944146.0,13389610.0
West Bengal,Rice,2011,2.687996392881462,5433700.0,14605766.0
West Bengal,Rice,2012,2.745382433575702,5444318.0,14946735.0
West Bengal,Rice,2013,2.788854173260107,5513687.0,15376869.0
West Bengal,Rice,2014,2.8819622362101516,5526511.0,15927196.0
West Bengal,Rice,2015,2.8871078783226873,5523955.0,15948254.0
West Bengal,Rice,2016,2.8988321714836087,5396854.0,15644574.0
West Bengal,Rice,2017,2.946478610749281,5537431.0,16315922.0
West Bengal,Rice,2018,2.9944731787630166,5512572.0,16507249.0
West Bengal,Rice,2019,3.0005638342917242,5490975.0,16476021.0
West Bengal,Rice,2021,2995.0,,
West Bengal,Rice,2022,3057.0,,
West Bengal,Rice,2023,3064.0,,
West Bengal,Sugarcane,1997,70.50044578826996,25797.0,1818700.0
West Bengal,Sugarcane,1998,74.28476010241567,26949.0,2001900.0
West Bengal,Sugarcane,1999,77.03561595944588,22883.0,1762806.0
West Bengal,Sugarcane,2000,67.8212781711324,21609.0,1465550.0
West Bengal,Sugarcane,2001,77.23522808449842,19598.0,1513656.0
West Bengal,Sugarcane,2002,65.8415210688592,19460.0,1281276.0
West Bengal,Sugarcane,2003,74.10684493876826,16903.0,1252628.0
West Bengal,Sugarcane,2004,66.03406403783472,15647.0,1033235.0
West Bengal,Sugarcane,2005,83.00931408422593,15031.0,1247713.0
West Bengal,Sugarcane,2006,76.38575649761805,16583.0,1266705.0
West Bengal,Sugarcane,2007,105.05104339577899,16868.0,1772001.0
West Bengal,Sugarcane,2008,93.31132881471778,17557.0,1638267.0
West Bengal,Sugarcane,2009,72.78603636363637,13750.0,1000808.0
West Bengal,Sugarcane,2010,75.51834587467536,15017.0,1134059.0
West Bengal,Sugarcane,2011,104.58692542140946,16077.0,1681444.0
West Bengal,Sugarcane,2012,100.46129473161034,16096.0,1617025.0
West Bengal,Sugarcane,2013,114.27307443745961,17021.0,1945042.0
West Bengal,Sugarcane,2014,118.76726083032491,17728.0,2105506.0
West Bengal,Sugarcane,2015,76.29747744641729,17403.0,1327805.0
West Bengal,Sugarcane,2016,73.8150512026673,20995.0,1549747.0
West Bengal,Sugarcane,2017,90.67437369519833,19160.0,1737321.0
West Bengal,Sugarcane,2018,84.48901887795799,18805.0,1588816.0
West Bengal,Sugarcane,2019,79.65672420086563,19177.0,1527577.0
West Bengal,Sugarcane,2021,83834.0,,
West Bengal,Sugarcane,2022,78197.0,,
West Bengal,Sugarcane,2023,66583.0,,
West Bengal,Wheat,1997,2.206144147381143,367374.0,810480.0
West Bengal,Wheat,1998,2.1174130273871206,367472.0,778090.0
West Bengal,Wheat,1999,2.336307341653966,364155.0,850778.0
West Bengal,Wheat,2000,2.4826525821596244,426000.0,1057610.0
West Bengal,Wheat,2001,2.215493405590732,434004.0,961533.0
West Bengal,Wheat,2002,2.1893104724312322,405350.0,887437.0
West Bengal,Wheat,2003,2.315333281656296,425721.0,985686.0
West Bengal,Wheat,2004,2.103188508671734,400093.0,841471.0
West Bengal,Wheat,2005,2.109225068102059,366729.0,773514.0
West Bengal,Wheat,2006,2.2813123001759736,350621.0,799876.0
West Bengal,Wheat,2007,2.6016410506581504,352579.0,917284.0
West Bengal,Wheat,2008,2.4904409010212225,306985.0,764528.0
West Bengal,Wheat,2009,2.6802442637896977,315888.0,846657.0
West Bengal,Wheat,2010,2.7600786596298073,316808.0,874415.0
West Bengal,Wheat,2011,2.765310033929018,315659.0,872895.0
West Bengal,Wheat,2012,2.7860852313012328,321572.0,895927.0
West Bengal,Wheat,2013,2.799065406463719,331481.0,927837.0
West Bengal,Wheat,2014,2.806759502749223,334640.0,939254.0
West Bengal,Wheat,2015,2.32014323924308,339851.0,788503.0
West Bengal,Wheat,2016,2.682387033185022,321621.0,862712.0
West Bengal,Wheat,2017,3.090865712338105,117360.0,362744.0
West Bengal,Wheat,2018,3.0116810971314436,112147.0,337751.0
West Bengal,Wheat,2019,2.7081695944941266,188308.0,509970.0
